Freq,Power,Theor.AR(1),chi2 80%,chi2 90%,chi2 95%,chi2 99%,chi2 crit.
0,1.0039E-28,6.9882,10.738,14.337,17.819,25.65,37.921
0.00014987,0.28555,6.9876,10.737,14.336,17.818,25.648,37.917
0.00029973,2.4911,6.9857,10.734,14.332,17.813,25.641,37.907
0.0004496,12.541,6.9827,10.73,14.326,17.805,25.63,37.891
0.00059946,27.689,6.9784,10.723,14.317,17.794,25.614,37.867
0.00074933,31.212,6.9728,10.715,14.305,17.78,25.593,37.837
0.0008992,27.331,6.9661,10.704,14.292,17.763,25.569,37.801
0.0010491,19.634,6.9582,10.692,14.275,17.743,25.54,37.758
0.0011989,7.8628,6.949,10.678,14.257,17.719,25.506,37.708
0.0013488,1.3246,6.9387,10.662,14.235,17.693,25.468,37.652
0.0014987,2.4738,6.9272,10.644,14.212,17.663,25.426,37.59
0.0016485,6.0073,6.9145,10.625,14.186,17.631,25.379,37.521
0.0017984,7.5851,6.9007,10.604,14.157,17.596,25.329,37.446
0.0019483,4.2284,6.8857,10.581,14.127,17.558,25.274,37.364
0.0020981,1.7496,6.8696,10.556,14.094,17.517,25.214,37.277
0.002248,2.3445,6.8524,10.529,14.058,17.473,25.151,37.184
0.0023979,5.9595,6.8341,10.501,14.021,17.426,25.084,37.084
0.0025477,8.5331,6.8147,10.472,13.981,17.377,25.013,36.979
0.0026976,7.9811,6.7943,10.44,13.939,17.325,24.938,36.868
0.0028475,4.3593,6.7728,10.407,13.895,17.27,24.859,36.752
0.0029973,2.1097,6.7503,10.373,13.849,17.213,24.777,36.63
0.0031472,2.6028,6.7269,10.337,13.801,17.153,24.691,36.503
0.0032971,4.4799,6.7024,10.299,13.751,17.09,24.601,36.37
0.0034469,6.5582,6.6771,10.26,13.699,17.026,24.508,36.232
0.0035968,6.0254,6.6508,10.22,13.645,16.959,24.411,36.09
0.0037466,4.9854,6.6236,10.178,13.589,16.889,24.311,35.942
0.0038965,4.0492,6.5955,10.135,13.531,16.818,24.208,35.79
0.0040464,4.0205,6.5666,10.09,13.472,16.744,24.102,35.633
0.0041962,3.8535,6.5368,10.045,13.411,16.668,23.993,35.471
0.0043461,3.1439,6.5063,9.9976,13.348,16.59,23.881,35.306
0.004496,2.6329,6.475,9.9495,13.284,16.51,23.766,35.136
0.0046458,1.842,6.4429,9.9002,13.218,16.429,23.648,34.962
0.0047957,1.8213,6.4101,9.8499,13.151,16.345,23.528,34.784
0.0049456,1.4462,6.3767,9.7984,13.082,16.26,23.405,34.602
0.0050954,0.92084,6.3425,9.746,13.012,16.173,23.28,34.417
0.0052453,0.70508,6.3078,9.6926,12.941,16.084,23.152,34.229
0.0053952,0.53341,6.2724,9.6382,12.868,15.994,23.023,34.037
0.005545,0.79397,6.2364,9.583,12.795,15.902,22.891,33.841
0.0056949,0.98197,6.1999,9.5269,12.72,15.809,22.757,33.643
0.0058448,0.87895,6.1629,9.4699,12.644,15.715,22.621,33.442
0.0059946,0.84455,6.1253,9.4122,12.567,15.619,22.483,33.239
0.0061445,1.1219,6.0873,9.3538,12.489,15.522,22.343,33.032
0.0062944,1.3444,6.0488,9.2947,12.41,15.424,22.202,32.824
0.0064442,1.497,6.01,9.2349,12.33,15.325,22.059,32.612
0.0065941,1.4214,5.9707,9.1746,12.249,15.225,21.915,32.399
0.006744,1.1229,5.931,9.1136,12.168,15.123,21.769,32.184
0.0068938,1.0352,5.891,9.0521,12.086,15.021,21.623,31.967
0.0070437,0.99943,5.8507,8.9902,12.003,14.918,21.475,31.748
0.0071936,0.86505,5.81,8.9277,11.92,14.815,21.325,31.528
0.0073434,0.98016,5.7691,8.8649,11.836,14.711,21.175,31.306
0.0074933,1.4969,5.728,8.8016,11.751,14.606,21.024,31.082
0.0076432,2.1495,5.6866,8.738,11.667,14.5,20.872,30.858
0.007793,3.3643,5.645,8.6741,11.581,14.394,20.72,30.632
0.0079429,3.3942,5.6032,8.61,11.496,14.288,20.566,30.405
0.0080928,3.1457,5.5613,8.5455,11.41,14.181,20.412,30.178
0.0082426,2.399,5.5192,8.4809,11.323,14.073,20.258,29.95
0.0083925,1.407,5.477,8.4161,11.237,13.966,20.103,29.721
0.0085424,1.0147,5.4348,8.3511,11.15,13.858,19.948,29.491
0.0086922,0.52708,5.3924,8.286,11.063,13.75,19.793,29.261
0.0088421,0.35858,5.35,8.2208,10.976,13.642,19.637,29.031
0.008992,0.34331,5.3075,8.1555,10.889,13.534,19.481,28.801
0.0091418,0.75365,5.265,8.0903,10.802,13.425,19.325,28.57
0.0092917,1.0992,5.2225,8.025,10.714,13.317,19.169,28.34
0.0094416,1.7558,5.18,7.9597,10.627,13.208,19.013,28.109
0.0095914,2.1342,5.1376,7.8944,10.54,13.1,18.857,27.879
0.0097413,2.5553,5.0952,7.8293,10.453,12.992,18.702,27.648
0.0098912,3.2171,5.0528,7.7642,10.366,12.884,18.546,27.419
0.010041,3.0837,5.0105,7.6992,10.28,12.776,18.391,27.189
0.010191,2.8923,4.9683,7.6344,10.193,12.669,18.236,26.96
0.010341,1.7721,4.9262,7.5697,10.107,12.561,18.082,26.732
0.010491,0.76611,4.8842,7.5052,10.02,12.454,17.927,26.504
0.01064,0.24524,4.8424,7.4409,9.9346,12.348,17.774,26.277
0.01079,0.21978,4.8007,7.3768,9.849,12.241,17.621,26.05
0.01094,0.51824,4.7591,7.3129,9.7637,12.135,17.468,25.825
0.01109,0.67789,4.7177,7.2492,9.6788,12.03,17.316,25.6
0.01124,0.64332,4.6765,7.1859,9.5942,11.924,17.165,25.376
0.01139,0.42529,4.6354,7.1228,9.51,11.82,17.014,25.154
0.01154,0.38054,4.5945,7.06,9.4261,11.716,16.864,24.932
0.01169,0.3967,4.5539,6.9975,9.3427,11.612,16.715,24.711
0.011839,0.61752,4.5134,6.9353,9.2597,11.509,16.566,24.492
0.011989,1.0926,4.4732,6.8735,9.1771,11.406,16.419,24.273
0.012139,1.4927,4.4332,6.812,9.095,11.304,16.272,24.056
0.012289,1.6962,4.3934,6.7509,9.0134,11.203,16.126,23.84
0.012439,1.4497,4.3538,6.6901,8.9323,11.102,15.98,23.626
0.012589,0.70618,4.3145,6.6297,8.8516,11.002,15.836,23.412
0.012739,0.48837,4.2755,6.5697,8.7715,10.902,15.693,23.2
0.012888,0.85656,4.2367,6.5101,8.6919,10.803,15.551,22.99
0.013038,2.2505,4.1981,6.4509,8.6129,10.705,15.409,22.781
0.013188,3.8013,4.1599,6.3921,8.5344,10.607,15.269,22.573
0.013338,4.4761,4.1219,6.3337,8.4564,10.51,15.129,22.367
0.013488,4.2706,4.0842,6.2758,8.379,10.414,14.991,22.162
0.013638,2.7748,4.0467,6.2182,8.3022,10.319,14.853,21.959
0.013788,1.5797,4.0096,6.1611,8.226,10.224,14.717,21.758
0.013938,0.94189,3.9727,6.1045,8.1504,10.13,14.582,21.558
0.014087,1.0407,3.9361,6.0483,8.0753,10.037,14.447,21.359
0.014237,1.8417,3.8998,5.9925,8.0009,9.9442,14.314,21.162
0.014387,2.0359,3.8639,5.9372,7.9271,9.8524,14.182,20.967
0.014537,2.1717,3.8282,5.8824,7.8538,9.7614,14.051,20.773
0.014687,1.7478,3.7928,5.828,7.7812,9.6711,13.921,20.581
0.014837,1.3688,3.7577,5.7741,7.7092,9.5817,13.792,20.391
0.014987,1.2831,3.7229,5.7206,7.6379,9.493,13.665,20.202
0.015136,1.1472,3.6884,5.6677,7.5671,9.405,13.538,20.015
0.015286,1.0112,3.6542,5.6151,7.497,9.3179,13.413,19.829
0.015436,0.84554,3.6204,5.5631,7.4275,9.2315,13.288,19.646
0.015586,0.69246,3.5868,5.5115,7.3587,9.146,13.165,19.463
0.015736,0.64572,3.5536,5.4604,7.2904,9.0612,13.043,19.283
0.015886,0.80715,3.5206,5.4098,7.2228,8.9771,12.922,19.104
0.016036,0.52482,3.488,5.3596,7.1559,8.8939,12.802,18.927
0.016186,0.39728,3.4556,5.31,7.0895,8.8115,12.684,18.752
0.016335,0.15075,3.4236,5.2607,7.0238,8.7298,12.566,18.578
0.016485,0.22365,3.3919,5.212,6.9588,8.6489,12.45,18.406
0.016635,0.55582,3.3605,5.1637,6.8943,8.5688,12.334,18.235
0.016785,0.73044,3.3294,5.1159,6.8305,8.4895,12.22,18.067
0.016935,0.61157,3.2986,5.0686,6.7673,8.411,12.107,17.899
0.017085,0.50232,3.2681,5.0218,6.7048,8.3332,11.995,17.734
0.017235,0.59722,3.2379,4.9754,6.6428,8.2563,11.885,17.57
0.017384,1.0474,3.208,4.9294,6.5815,8.18,11.775,17.408
0.017534,2.0072,3.1784,4.884,6.5208,8.1046,11.666,17.247
0.017684,2.2107,3.1491,4.839,6.4607,8.0299,11.559,17.088
0.017834,2.6402,3.1201,4.7944,6.4013,7.956,11.452,16.931
0.017984,2.1592,3.0914,4.7503,6.3424,7.8828,11.347,16.775
0.018134,2.0707,3.0631,4.7067,6.2841,7.8104,11.243,16.621
0.018284,1.7552,3.0349,4.6635,6.2265,7.7388,11.14,16.469
0.018434,1.5635,3.0071,4.6208,6.1694,7.6679,11.038,16.318
0.018583,1.2149,2.9796,4.5785,6.113,7.5977,10.937,16.169
0.018733,0.96751,2.9524,4.5367,6.0571,7.5283,10.837,16.021
0.018883,0.64116,2.9254,4.4953,6.0018,7.4595,10.738,15.875
0.019033,0.78394,2.8988,4.4543,5.9471,7.3916,10.64,15.73
0.019183,0.63328,2.8724,4.4138,5.893,7.3243,10.543,15.587
0.019333,0.87364,2.8463,4.3737,5.8395,7.2578,10.447,15.445
0.019483,0.60403,2.8205,4.334,5.7865,7.1919,10.352,15.305
0.019632,0.66986,2.7949,4.2947,5.7341,7.1268,10.259,15.166
0.019782,0.38134,2.7697,4.2559,5.6822,7.0624,10.166,15.029
0.019932,0.37325,2.7447,4.2175,5.631,6.9986,10.074,14.894
0.020082,0.34462,2.7199,4.1795,5.5802,6.9356,9.9834,14.76
0.020232,0.43009,2.6955,4.1419,5.53,6.8732,9.8937,14.627
0.020382,0.54964,2.6713,4.1047,5.4804,6.8115,9.8048,14.496
0.020532,0.43493,2.6474,4.0679,5.4313,6.7505,9.717,14.366
0.020682,0.21226,2.6237,4.0316,5.3827,6.6901,9.6301,14.237
0.020831,0.03253,2.6003,3.9956,5.3347,6.6304,9.5442,14.11
0.020981,0.25814,2.5771,3.96,5.2872,6.5713,9.4592,13.984
0.021131,0.85899,2.5542,3.9248,5.2402,6.5129,9.3751,13.86
0.021281,1.7225,2.5315,3.89,5.1937,6.4552,9.2919,13.737
0.021431,1.9643,2.5091,3.8556,5.1477,6.398,9.2097,13.616
0.021581,1.9503,2.487,3.8215,5.1023,6.3415,9.1283,13.495
0.021731,1.1372,2.4651,3.7878,5.0573,6.2856,9.0479,13.376
0.02188,0.78839,2.4434,3.7545,5.0128,6.2303,8.9683,13.259
0.02203,0.63039,2.4219,3.7216,4.9688,6.1757,8.8896,13.142
0.02218,1.0047,2.4007,3.689,4.9253,6.1216,8.8118,13.027
0.02233,1.4802,2.3798,3.6568,4.8823,6.0681,8.7348,12.914
0.02248,1.5503,2.359,3.6249,4.8398,6.0153,8.6587,12.801
0.02263,1.4302,2.3385,3.5934,4.7977,5.963,8.5834,12.69
0.02278,0.93821,2.3182,3.5622,4.7561,5.9112,8.509,12.58
0.022929,0.64418,2.2982,3.5314,4.7149,5.8601,8.4353,12.471
0.023079,0.42689,2.2783,3.5009,4.6742,5.8095,8.3625,12.363
0.023229,0.46677,2.2587,3.4708,4.634,5.7595,8.2905,12.257
0.023379,0.54281,2.2393,3.4409,4.5942,5.71,8.2193,12.151
0.023529,0.68871,2.2201,3.4115,4.5548,5.6611,8.1489,12.047
0.023679,0.82831,2.2012,3.3823,4.5159,5.6127,8.0792,11.944
0.023829,0.94445,2.1824,3.3535,4.4774,5.5648,8.0103,11.843
0.023979,1.0075,2.1638,3.3249,4.4393,5.5175,7.9422,11.742
0.024128,0.99197,2.1455,3.2967,4.4016,5.4707,7.8748,11.642
0.024278,1.0496,2.1273,3.2689,4.3644,5.4244,7.8082,11.544
0.024428,1.4617,2.1094,3.2413,4.3276,5.3786,7.7423,11.446
0.024578,2.1053,2.0916,3.214,4.2911,5.3334,7.6772,11.35
0.024728,2.8254,2.0741,3.187,4.2551,5.2886,7.6127,11.255
0.024878,2.8391,2.0567,3.1603,4.2195,5.2443,7.549,11.16
0.025028,2.1951,2.0395,3.1339,4.1843,5.2005,7.486,11.067
0.025177,1.154,2.0225,3.1078,4.1494,5.1572,7.4236,10.975
0.025327,0.81625,2.0057,3.082,4.1149,5.1144,7.362,10.884
0.025477,1.8143,1.9891,3.0565,4.0809,5.072,7.301,10.794
0.025627,3.5624,1.9727,3.0313,4.0472,5.0301,7.2407,10.705
0.025777,5.2642,1.9564,3.0063,4.0138,4.9887,7.181,10.616
0.025927,5.6162,1.9404,2.9816,3.9808,4.9477,7.122,10.529
0.026077,4.8337,1.9245,2.9572,3.9482,4.9072,7.0637,10.443
0.026227,3.8293,1.9087,2.933,3.916,4.8671,7.006,10.358
0.026376,3.125,1.8932,2.9091,3.8841,4.8274,6.9489,10.273
0.026526,3.0726,1.8778,2.8855,3.8525,4.7882,6.8924,10.19
0.026676,2.8736,1.8626,2.8621,3.8213,4.7494,6.8366,10.107
0.026826,2.207,1.8476,2.839,3.7904,4.7111,6.7814,10.026
0.026976,1.441,1.8327,2.8161,3.7599,4.6731,6.7267,9.9448
0.027126,1.3128,1.818,2.7935,3.7297,4.6356,6.6727,9.8649
0.027276,1.662,1.8034,2.7711,3.6998,4.5984,6.6193,9.7859
0.027425,2.3749,1.789,2.749,3.6703,4.5617,6.5664,9.7078
0.027575,2.1534,1.7747,2.7271,3.641,4.5254,6.5141,9.6304
0.027725,1.2112,1.7606,2.7054,3.6121,4.4894,6.4624,9.554
0.027875,0.48918,1.7467,2.684,3.5835,4.4539,6.4112,9.4783
0.028025,0.59929,1.7329,2.6628,3.5552,4.4187,6.3606,9.4035
0.028175,1.9495,1.7193,2.6418,3.5272,4.3839,6.3105,9.3294
0.028325,3.6946,1.7058,2.6211,3.4995,4.3495,6.2609,9.2562
0.028475,4.0659,1.6924,2.6006,3.4722,4.3155,6.2119,9.1837
0.028624,3.5946,1.6792,2.5803,3.4451,4.2818,6.1635,9.1121
0.028774,1.9397,1.6661,2.5602,3.4182,4.2485,6.1155,9.0412
0.028924,0.79728,1.6532,2.5403,3.3917,4.2155,6.068,8.971
0.029074,0.80217,1.6404,2.5207,3.3655,4.1829,6.0211,8.9016
0.029224,1.5486,1.6278,2.5012,3.3395,4.1506,5.9747,8.833
0.029374,2.938,1.6153,2.482,3.3138,4.1187,5.9287,8.765
0.029524,3.7536,1.6029,2.463,3.2884,4.0871,5.8832,8.6978
0.029673,3.6603,1.5906,2.4441,3.2633,4.0559,5.8383,8.6313
0.029823,2.818,1.5785,2.4255,3.2384,4.025,5.7938,8.5655
0.029973,1.4639,1.5665,2.4071,3.2138,3.9944,5.7497,8.5004
0.030123,0.70215,1.5546,2.3888,3.1894,3.9641,5.7062,8.436
0.030273,0.61494,1.5429,2.3708,3.1654,3.9342,5.6631,8.3723
0.030423,1.257,1.5313,2.3529,3.1415,3.9045,5.6204,8.3092
0.030573,1.7618,1.5198,2.3353,3.1179,3.8752,5.5782,8.2468
0.030723,1.5731,1.5084,2.3178,3.0946,3.8462,5.5364,8.1851
0.030872,1.0161,1.4971,2.3005,3.0715,3.8175,5.4951,8.1239
0.031022,0.77151,1.486,2.2834,3.0486,3.7891,5.4542,8.0635
0.031172,1.3955,1.4749,2.2664,3.026,3.7609,5.4137,8.0036
0.031322,3.0605,1.464,2.2496,3.0036,3.7331,5.3737,7.9444
0.031472,4.0612,1.4532,2.233,2.9814,3.7056,5.334,7.8858
0.031622,4.559,1.4425,2.2166,2.9595,3.6783,5.2948,7.8278
0.031772,3.7617,1.432,2.2004,2.9378,3.6514,5.256,7.7704
0.031921,2.8941,1.4215,2.1843,2.9163,3.6247,5.2175,7.7136
0.032071,2.4568,1.4111,2.1684,2.8951,3.5982,5.1795,7.6574
0.032221,2.2866,1.4009,2.1526,2.874,3.5721,5.1419,7.6018
0.032371,2.103,1.3907,2.137,2.8532,3.5462,5.1046,7.5467
0.032521,1.7416,1.3807,2.1216,2.8326,3.5206,5.0678,7.4922
0.032671,1.3589,1.3708,2.1063,2.8122,3.4953,5.0313,7.4382
0.032821,1.613,1.3609,2.0912,2.792,3.4702,4.9952,7.3848
0.032971,2.7292,1.3512,2.0762,2.772,3.4453,4.9594,7.332
0.03312,3.7607,1.3415,2.0614,2.7523,3.4207,4.924,7.2797
0.03327,4.6195,1.332,2.0467,2.7327,3.3964,4.889,7.2279
0.03342,4.4722,1.3225,2.0322,2.7133,3.3723,4.8543,7.1766
0.03357,3.4102,1.3132,2.0178,2.6941,3.3485,4.82,7.1259
0.03372,2.3249,1.3039,2.0036,2.6751,3.3249,4.786,7.0756
0.03387,0.95512,1.2948,1.9895,2.6563,3.3015,4.7524,7.0259
0.03402,0.31185,1.2857,1.9756,2.6377,3.2784,4.7191,6.9767
0.034169,0.20496,1.2767,1.9618,2.6193,3.2555,4.6861,6.9279
0.034319,0.58362,1.2678,1.9481,2.601,3.2328,4.6534,6.8797
0.034469,1.3318,1.259,1.9346,2.583,3.2103,4.6211,6.8319
0.034619,2.1754,1.2503,1.9212,2.5651,3.1881,4.5891,6.7846
0.034769,2.5317,1.2417,1.9079,2.5474,3.1661,4.5575,6.7378
0.034919,2.8177,1.2331,1.8948,2.5299,3.1443,4.5261,6.6914
0.035069,2.4703,1.2247,1.8818,2.5125,3.1227,4.495,6.6455
0.035219,1.9126,1.2163,1.8689,2.4953,3.1014,4.4643,6.6
0.035368,1.3603,1.208,1.8562,2.4783,3.0802,4.4339,6.555
0.035518,0.98343,1.1998,1.8436,2.4614,3.0593,4.4037,6.5104
0.035668,1.2213,1.1916,1.8311,2.4448,3.0385,4.3739,6.4663
0.035818,1.6583,1.1836,1.8187,2.4282,3.018,4.3443,6.4226
0.035968,1.9814,1.1756,1.8065,2.4119,2.9977,4.315,6.3793
0.036118,1.7882,1.1677,1.7943,2.3957,2.9775,4.286,6.3365
0.036268,1.4619,1.1599,1.7823,2.3796,2.9576,4.2573,6.2941
0.036417,1.3999,1.1521,1.7704,2.3637,2.9378,4.2289,6.252
0.036567,1.9684,1.1445,1.7586,2.348,2.9183,4.2008,6.2104
0.036717,2.8386,1.1369,1.7469,2.3324,2.8989,4.1729,6.1692
0.036867,3.1919,1.1294,1.7354,2.317,2.8797,4.1453,6.1284
0.037017,2.8865,1.1219,1.7239,2.3017,2.8607,4.1179,6.0879
0.037167,2.054,1.1145,1.7126,2.2866,2.8419,4.0908,6.0479
0.037317,1.4589,1.1072,1.7014,2.2716,2.8233,4.064,6.0082
0.037466,1.3923,1.1,1.6902,2.2567,2.8048,4.0374,5.969
0.037616,1.6805,1.0928,1.6792,2.242,2.7865,4.0111,5.93
0.037766,1.8972,1.0857,1.6683,2.2274,2.7684,3.9851,5.8915
0.037916,1.6658,1.0787,1.6575,2.213,2.7505,3.9592,5.8533
0.038066,1.3434,1.0717,1.6468,2.1987,2.7327,3.9337,5.8155
0.038216,0.66205,1.0648,1.6362,2.1845,2.7151,3.9083,5.7781
0.038366,0.38808,1.058,1.6257,2.1705,2.6977,3.8832,5.741
0.038516,0.048306,1.0512,1.6153,2.1566,2.6804,3.8584,5.7042
0.038665,0.016515,1.0445,1.605,2.1429,2.6633,3.8337,5.6678
0.038815,0.16047,1.0378,1.5947,2.1292,2.6464,3.8093,5.6317
0.038965,0.29419,1.0313,1.5846,2.1157,2.6296,3.7852,5.596
0.039115,0.30028,1.0247,1.5746,2.1023,2.6129,3.7612,5.5606
0.039265,0.25427,1.0183,1.5647,2.0891,2.5965,3.7375,5.5255
0.039415,0.30932,1.0119,1.5548,2.0759,2.5801,3.714,5.4908
0.039565,0.68153,1.0055,1.5451,2.0629,2.564,3.6907,5.4563
0.039714,1.5364,0.99923,1.5354,2.05,2.5479,3.6676,5.4222
0.039864,2.047,0.993,1.5259,2.0372,2.532,3.6448,5.3884
0.040014,2.4226,0.98683,1.5164,2.0246,2.5163,3.6221,5.3549
0.040164,2.16,0.98072,1.507,2.012,2.5007,3.5997,5.3218
0.040314,1.8076,0.97466,1.4977,1.9996,2.4853,3.5774,5.2889
0.040464,1.5408,0.96865,1.4884,1.9873,2.47,3.5554,5.2563
0.040614,1.5456,0.96271,1.4793,1.9751,2.4548,3.5336,5.224
0.040764,1.5511,0.95681,1.4702,1.963,2.4398,3.5119,5.192
0.040913,1.7218,0.95097,1.4613,1.951,2.4249,3.4905,5.1603
0.041063,1.7036,0.94518,1.4524,1.9391,2.4101,3.4692,5.1289
0.041213,1.4387,0.93944,1.4436,1.9274,2.3955,3.4482,5.0978
0.041363,1.2062,0.93376,1.4348,1.9157,2.381,3.4273,5.067
0.041513,0.6762,0.92813,1.4262,1.9041,2.3666,3.4066,5.0364
0.041663,0.4135,0.92254,1.4176,1.8927,2.3524,3.3861,5.0061
0.041813,0.39223,0.91701,1.4091,1.8813,2.3383,3.3658,4.9761
0.041962,0.28861,0.91152,1.4007,1.8701,2.3243,3.3457,4.9463
0.042112,0.37249,0.90609,1.3923,1.8589,2.3104,3.3258,4.9168
0.042262,0.34052,0.9007,1.384,1.8479,2.2967,3.306,4.8876
0.042412,0.52972,0.89536,1.3758,1.8369,2.2831,3.2864,4.8586
0.042562,1.0363,0.89007,1.3677,1.8261,2.2696,3.267,4.8299
0.042712,1.4946,0.88482,1.3596,1.8153,2.2562,3.2477,4.8014
0.042862,1.4418,0.87962,1.3516,1.8046,2.2429,3.2286,4.7732
0.043012,1.0576,0.87447,1.3437,1.7941,2.2298,3.2097,4.7452
0.043161,0.42433,0.86936,1.3359,1.7836,2.2168,3.1909,4.7175
0.043311,0.21764,0.8643,1.3281,1.7732,2.2039,3.1724,4.69
0.043461,0.59216,0.85927,1.3204,1.7629,2.1911,3.1539,4.6628
0.043611,0.80637,0.8543,1.3127,1.7527,2.1784,3.1357,4.6358
0.043761,0.98156,0.84936,1.3051,1.7425,2.1658,3.1176,4.609
0.043911,0.71832,0.84447,1.2976,1.7325,2.1533,3.0996,4.5825
0.044061,0.73663,0.83962,1.2902,1.7226,2.1409,3.0818,4.5561
0.04421,1.0005,0.83482,1.2828,1.7127,2.1287,3.0642,4.5301
0.04436,1.558,0.83005,1.2755,1.7029,2.1165,3.0467,4.5042
0.04451,1.6472,0.82533,1.2682,1.6932,2.1045,3.0293,4.4786
0.04466,1.6181,0.82064,1.261,1.6836,2.0925,3.0121,4.4531
0.04481,1.3071,0.816,1.2539,1.6741,2.0807,2.9951,4.4279
0.04496,1.2836,0.81139,1.2468,1.6646,2.069,2.9782,4.4029
0.04511,1.4315,0.80683,1.2398,1.6553,2.0573,2.9614,4.3782
0.04526,1.5562,0.8023,1.2328,1.646,2.0458,2.9448,4.3536
0.045409,1.432,0.79781,1.2259,1.6368,2.0343,2.9283,4.3292
0.045559,1.3413,0.79336,1.2191,1.6276,2.023,2.912,4.3051
0.045709,1.1096,0.78895,1.2123,1.6186,2.0117,2.8958,4.2811
0.045859,1.0076,0.78457,1.2056,1.6096,2.0006,2.8797,4.2574
0.046009,0.81934,0.78023,1.1989,1.6007,1.9895,2.8638,4.2338
0.046159,0.50098,0.77593,1.1923,1.5919,1.9785,2.848,4.2105
0.046309,0.32168,0.77166,1.1857,1.5831,1.9676,2.8323,4.1873
0.046458,0.2629,0.76743,1.1792,1.5744,1.9568,2.8168,4.1644
0.046608,0.24176,0.76323,1.1728,1.5658,1.9461,2.8014,4.1416
0.046758,0.27626,0.75907,1.1664,1.5573,1.9355,2.7861,4.119
0.046908,0.22545,0.75494,1.16,1.5488,1.925,2.771,4.0966
0.047058,0.31354,0.75084,1.1538,1.5404,1.9146,2.7559,4.0744
0.047208,0.54819,0.74678,1.1475,1.5321,1.9042,2.741,4.0524
0.047358,0.72615,0.74276,1.1413,1.5238,1.8939,2.7263,4.0305
0.047508,0.62842,0.73876,1.1352,1.5156,1.8838,2.7116,4.0088
0.047657,0.41106,0.7348,1.1291,1.5075,1.8737,2.6971,3.9873
0.047807,0.12814,0.73087,1.1231,1.4995,1.8636,2.6826,3.966
0.047957,0.13106,0.72698,1.1171,1.4915,1.8537,2.6683,3.9449
0.048107,0.26861,0.72311,1.1111,1.4835,1.8439,2.6541,3.9239
0.048257,0.24758,0.71928,1.1052,1.4757,1.8341,2.6401,3.9031
0.048407,0.19998,0.71547,1.0994,1.4679,1.8244,2.6261,3.8825
0.048557,0.071544,0.7117,1.0936,1.4601,1.8148,2.6123,3.862
0.048706,0.16899,0.70796,1.0879,1.4524,1.8052,2.5985,3.8417
0.048856,0.30197,0.70425,1.0822,1.4448,1.7958,2.5849,3.8215
0.049006,0.41418,0.70057,1.0765,1.4373,1.7864,2.5714,3.8016
0.049156,0.2542,0.69691,1.0709,1.4298,1.777,2.558,3.7817
0.049306,0.31219,0.69329,1.0653,1.4223,1.7678,2.5447,3.7621
0.049456,0.31746,0.68969,1.0598,1.415,1.7586,2.5315,3.7426
0.049606,0.5609,0.68613,1.0543,1.4077,1.7495,2.5184,3.7232
0.049756,0.55872,0.68259,1.0489,1.4004,1.7405,2.5054,3.704
0.049905,0.33707,0.67908,1.0435,1.3932,1.7316,2.4925,3.685
0.050055,0.19098,0.6756,1.0381,1.3861,1.7227,2.4798,3.6661
0.050205,0.22453,0.67214,1.0328,1.379,1.7139,2.4671,3.6473
0.050355,0.50712,0.66872,1.0276,1.3719,1.7051,2.4545,3.6287
0.050505,0.88003,0.66531,1.0223,1.365,1.6965,2.442,3.6103
0.050655,0.80008,0.66194,1.0171,1.358,1.6879,2.4296,3.592
0.050805,0.72145,0.65859,1.012,1.3512,1.6793,2.4173,3.5738
0.050954,0.31102,0.65527,1.0069,1.3443,1.6709,2.4051,3.5558
0.051104,0.16171,0.65197,1.0018,1.3376,1.6625,2.393,3.5379
0.051254,0.070292,0.6487,0.9968,1.3309,1.6541,2.381,3.5201
0.051404,0.20938,0.64546,0.99182,1.3242,1.6458,2.3691,3.5025
0.051554,0.55427,0.64224,0.98687,1.3176,1.6376,2.3573,3.485
0.051704,1.0488,0.63904,0.98196,1.3111,1.6295,2.3456,3.4677
0.051854,1.2798,0.63587,0.97709,1.3046,1.6214,2.3339,3.4505
0.052003,1.3213,0.63273,0.97225,1.2981,1.6134,2.3224,3.4334
0.052153,0.87572,0.6296,0.96745,1.2917,1.6054,2.3109,3.4165
0.052303,0.64582,0.6265,0.96269,1.2853,1.5975,2.2996,3.3997
0.052453,0.52804,0.62343,0.95797,1.279,1.5897,2.2883,3.383
0.052603,0.74847,0.62038,0.95328,1.2728,1.5819,2.2771,3.3664
0.052753,0.78512,0.61735,0.94862,1.2665,1.5742,2.266,3.35
0.052903,0.71088,0.61434,0.94401,1.2604,1.5665,2.2549,3.3337
0.053053,0.38799,0.61136,0.93942,1.2543,1.5589,2.244,3.3175
0.053202,0.30498,0.6084,0.93487,1.2482,1.5514,2.2331,3.3014
0.053352,0.2367,0.60546,0.93036,1.2422,1.5439,2.2223,3.2855
0.053502,0.33156,0.60255,0.92588,1.2362,1.5364,2.2116,3.2697
0.053652,0.23139,0.59965,0.92143,1.2302,1.529,2.201,3.254
0.053802,0.26299,0.59678,0.91702,1.2243,1.5217,2.1905,3.2384
0.053952,0.25243,0.59393,0.91264,1.2185,1.5145,2.18,3.2229
0.054102,0.52274,0.5911,0.90829,1.2127,1.5072,2.1696,3.2075
0.054251,0.68987,0.58829,0.90397,1.2069,1.5001,2.1593,3.1923
0.054401,1.0483,0.5855,0.89969,1.2012,1.493,2.1491,3.1772
0.054551,1.465,0.58273,0.89543,1.1955,1.4859,2.1389,3.1622
0.054701,2.0559,0.57999,0.89121,1.1899,1.4789,2.1288,3.1472
0.054851,2.5235,0.57726,0.88702,1.1843,1.4719,2.1188,3.1325
0.055001,2.6579,0.57455,0.88286,1.1788,1.465,2.1089,3.1178
0.055151,2.5697,0.57187,0.87874,1.1732,1.4582,2.099,3.1032
0.055301,2.6954,0.5692,0.87464,1.1678,1.4514,2.0892,3.0887
0.05545,3.0928,0.56655,0.87057,1.1623,1.4446,2.0795,3.0743
0.0556,3.7542,0.56392,0.86653,1.1569,1.4379,2.0699,3.0601
0.05575,3.5861,0.56131,0.86252,1.1516,1.4313,2.0603,3.0459
0.0559,2.7724,0.55872,0.85854,1.1463,1.4247,2.0508,3.0319
0.05605,1.324,0.55615,0.85459,1.141,1.4181,2.0413,3.0179
0.0562,0.29661,0.5536,0.85066,1.1358,1.4116,2.032,3.0041
0.05635,0.076271,0.55106,0.84677,1.1306,1.4052,2.0227,2.9903
0.056499,0.33616,0.54855,0.8429,1.1254,1.3987,2.0134,2.9766
0.056649,0.637,0.54605,0.83906,1.1203,1.3924,2.0042,2.9631
0.056799,0.70873,0.54357,0.83525,1.1152,1.386,1.9951,2.9496
0.056949,0.49224,0.54111,0.83147,1.1101,1.3798,1.9861,2.9363
0.057099,0.65365,0.53866,0.82771,1.1051,1.3735,1.9771,2.923
0.057249,0.57712,0.53623,0.82398,1.1001,1.3673,1.9682,2.9098
0.057399,0.67674,0.53382,0.82028,1.0952,1.3612,1.9594,2.8967
0.057549,0.35989,0.53143,0.8166,1.0903,1.3551,1.9506,2.8838
0.057698,0.27965,0.52905,0.81295,1.0854,1.349,1.9419,2.8709
0.057848,0.28634,0.52669,0.80932,1.0806,1.343,1.9332,2.8581
0.057998,0.58535,0.52435,0.80572,1.0758,1.337,1.9246,2.8453
0.058148,0.67282,0.52202,0.80215,1.071,1.3311,1.9161,2.8327
0.058298,0.61593,0.51971,0.7986,1.0662,1.3252,1.9076,2.8202
0.058448,0.41323,0.51742,0.79507,1.0615,1.3194,1.8992,2.8077
0.058598,0.29882,0.51514,0.79157,1.0569,1.3136,1.8908,2.7954
0.058747,0.42076,0.51288,0.78809,1.0522,1.3078,1.8825,2.7831
0.058897,0.41356,0.51063,0.78464,1.0476,1.3021,1.8743,2.7709
0.059047,0.58847,0.5084,0.78122,1.043,1.2964,1.8661,2.7588
0.059197,0.51861,0.50619,0.77781,1.0385,1.2907,1.8579,2.7468
0.059347,0.78604,0.50399,0.77443,1.034,1.2851,1.8499,2.7348
0.059497,0.81869,0.5018,0.77107,1.0295,1.2795,1.8418,2.723
0.059647,0.80717,0.49963,0.76774,1.025,1.274,1.8339,2.7112
0.059797,0.54345,0.49748,0.76443,1.0206,1.2685,1.826,2.6995
0.059946,0.21461,0.49534,0.76114,1.0162,1.2631,1.8181,2.6879
0.060096,0.075946,0.49321,0.75788,1.0119,1.2576,1.8103,2.6764
0.060246,0.062893,0.4911,0.75463,1.0075,1.2523,1.8026,2.6649
0.060396,0.071039,0.48901,0.75141,1.0032,1.2469,1.7949,2.6535
0.060546,0.047965,0.48692,0.74821,0.99897,1.2416,1.7872,2.6422
0.060696,0.066759,0.48486,0.74503,0.99473,1.2363,1.7796,2.631
0.060846,0.14716,0.4828,0.74188,0.99051,1.2311,1.7721,2.6199
0.060995,0.37858,0.48076,0.73874,0.98633,1.2259,1.7646,2.6088
0.061145,0.41654,0.47874,0.73563,0.98217,1.2207,1.7572,2.5978
0.061295,0.27895,0.47672,0.73254,0.97804,1.2156,1.7498,2.5869
0.061445,0.13824,0.47473,0.72947,0.97394,1.2105,1.7425,2.5761
0.061595,0.040707,0.47274,0.72642,0.96987,1.2054,1.7352,2.5653
0.061745,0.19291,0.47077,0.72339,0.96582,1.2004,1.7279,2.5546
0.061895,0.40544,0.46881,0.72038,0.9618,1.1954,1.7207,2.5439
0.062045,0.40718,0.46686,0.71739,0.95781,1.1904,1.7136,2.5334
0.062194,0.41986,0.46493,0.71442,0.95385,1.1855,1.7065,2.5229
0.062344,0.36051,0.46301,0.71147,0.94991,1.1806,1.6995,2.5125
0.062494,0.37348,0.4611,0.70853,0.946,1.1758,1.6925,2.5021
0.062644,0.52215,0.45921,0.70562,0.94211,1.1709,1.6855,2.4919
0.062794,0.44766,0.45733,0.70273,0.93825,1.1661,1.6786,2.4816
0.062944,0.35905,0.45546,0.69986,0.93441,1.1614,1.6717,2.4715
0.063094,0.1695,0.4536,0.697,0.9306,1.1566,1.6649,2.4614
0.063243,0.11614,0.45175,0.69417,0.92682,1.1519,1.6581,2.4514
0.063393,0.17468,0.44992,0.69135,0.92305,1.1472,1.6514,2.4415
0.063543,0.51017,0.4481,0.68855,0.91932,1.1426,1.6447,2.4316
0.063693,0.67145,0.44629,0.68577,0.91561,1.138,1.6381,2.4218
0.063843,0.84392,0.44449,0.68301,0.91192,1.1334,1.6315,2.412
0.063993,0.70633,0.44271,0.68027,0.90826,1.1289,1.6249,2.4023
0.064143,0.38146,0.44093,0.67754,0.90462,1.1243,1.6184,2.3927
0.064293,0.23316,0.43917,0.67484,0.901,1.1198,1.612,2.3831
0.064442,0.11918,0.43742,0.67214,0.89741,1.1154,1.6055,2.3736
0.064592,0.23512,0.43568,0.66947,0.89384,1.1109,1.5991,2.3642
0.064742,0.41166,0.43395,0.66682,0.89029,1.1065,1.5928,2.3548
0.064892,0.35453,0.43224,0.66418,0.88677,1.1022,1.5865,2.3455
0.065042,0.62039,0.43053,0.66156,0.88327,1.0978,1.5802,2.3362
0.065192,0.81996,0.42883,0.65895,0.87979,1.0935,1.574,2.327
0.065342,1.4329,0.42715,0.65636,0.87634,1.0892,1.5678,2.3179
0.065491,1.8179,0.42548,0.65379,0.8729,1.0849,1.5617,2.3088
0.065641,1.9506,0.42381,0.65123,0.86949,1.0807,1.5556,2.2998
0.065791,1.7133,0.42216,0.6487,0.8661,1.0765,1.5495,2.2908
0.065941,1.362,0.42052,0.64617,0.86273,1.0723,1.5435,2.2819
0.066091,1.079,0.41889,0.64367,0.85939,1.0681,1.5375,2.2731
0.066241,0.948,0.41727,0.64117,0.85606,1.064,1.5316,2.2643
0.066391,0.75795,0.41566,0.6387,0.85276,1.0599,1.5256,2.2555
0.06654,0.53592,0.41405,0.63624,0.84947,1.0558,1.5198,2.2468
0.06669,0.37623,0.41246,0.6338,0.84621,1.0517,1.5139,2.2382
0.06684,0.26224,0.41088,0.63137,0.84297,1.0477,1.5081,2.2296
0.06699,0.38514,0.40931,0.62895,0.83974,1.0437,1.5024,2.2211
0.06714,0.32231,0.40775,0.62655,0.83654,1.0397,1.4966,2.2126
0.06729,0.23122,0.4062,0.62417,0.83336,1.0358,1.4909,2.2042
0.06744,0.1141,0.40466,0.6218,0.8302,1.0318,1.4853,2.1958
0.06759,0.092212,0.40313,0.61945,0.82705,1.0279,1.4797,2.1875
0.067739,0.25049,0.40161,0.61711,0.82393,1.024,1.4741,2.1793
0.067889,0.43752,0.40009,0.61479,0.82083,1.0202,1.4685,2.1711
0.068039,0.3668,0.39859,0.61247,0.81774,1.0164,1.463,2.1629
0.068189,0.31133,0.39709,0.61018,0.81468,1.0125,1.4575,2.1548
0.068339,0.061515,0.39561,0.6079,0.81163,1.0088,1.4521,2.1467
0.068489,0.068316,0.39413,0.60563,0.8086,1.005,1.4467,2.1387
0.068639,0.13015,0.39267,0.60338,0.80559,1.0013,1.4413,2.1308
0.068788,0.30344,0.39121,0.60114,0.8026,0.99754,1.4359,2.1229
0.068938,0.36986,0.38976,0.59891,0.79963,0.99385,1.4306,2.115
0.069088,0.3484,0.38832,0.5967,0.79668,0.99017,1.4253,2.1072
0.069238,0.22833,0.38689,0.5945,0.79374,0.98653,1.4201,2.0994
0.069388,0.12335,0.38547,0.59231,0.79082,0.9829,1.4148,2.0917
0.069538,0.1738,0.38405,0.59014,0.78792,0.97929,1.4097,2.084
0.069688,0.37406,0.38265,0.58798,0.78504,0.97571,1.4045,2.0764
0.069838,0.45467,0.38125,0.58584,0.78217,0.97215,1.3994,2.0688
0.069987,0.67665,0.37986,0.5837,0.77933,0.96861,1.3943,2.0613
0.070137,0.4913,0.37848,0.58158,0.7765,0.96509,1.3892,2.0538
0.070287,0.60689,0.37711,0.57947,0.77368,0.9616,1.3842,2.0464
0.070437,0.65601,0.37575,0.57738,0.77089,0.95812,1.3792,2.039
0.070587,0.72961,0.37439,0.5753,0.76811,0.95466,1.3742,2.0316
0.070737,0.74939,0.37305,0.57323,0.76534,0.95123,1.3693,2.0243
0.070887,0.59119,0.37171,0.57117,0.7626,0.94782,1.3643,2.017
0.071036,0.43673,0.37038,0.56913,0.75987,0.94442,1.3595,2.0098
0.071186,0.51905,0.36906,0.56709,0.75715,0.94105,1.3546,2.0026
0.071336,0.75172,0.36774,0.56507,0.75445,0.9377,1.3498,1.9955
0.071486,0.9875,0.36643,0.56307,0.75177,0.93436,1.345,1.9884
0.071636,1.6752,0.36513,0.56107,0.74911,0.93105,1.3402,1.9814
0.071786,2.4368,0.36384,0.55908,0.74646,0.92776,1.3355,1.9744
0.071936,3.7944,0.36256,0.55711,0.74382,0.92448,1.3308,1.9674
0.072086,5.1905,0.36128,0.55515,0.7412,0.92123,1.3261,1.9605
0.072235,6.3096,0.36001,0.5532,0.7386,0.91799,1.3214,1.9536
0.072385,7.3975,0.35875,0.55126,0.73601,0.91478,1.3168,1.9467
0.072535,9.2174,0.3575,0.54933,0.73344,0.91158,1.3122,1.9399
0.072685,11.652,0.35625,0.54742,0.73088,0.9084,1.3076,1.9332
0.072835,14.688,0.35501,0.54551,0.72834,0.90524,1.3031,1.9264
0.072985,16.735,0.35378,0.54362,0.72581,0.9021,1.2985,1.9198
0.073135,16.121,0.35256,0.54174,0.7233,0.89898,1.294,1.9131
0.073284,14.47,0.35134,0.53987,0.7208,0.89587,1.2896,1.9065
0.073434,11.162,0.35013,0.53801,0.71832,0.89278,1.2851,1.8999
0.073584,9.0927,0.34892,0.53616,0.71585,0.88972,1.2807,1.8934
0.073734,7.5592,0.34773,0.53432,0.71339,0.88666,1.2763,1.8869
0.073884,5.5766,0.34654,0.53249,0.71095,0.88363,1.2719,1.8805
0.074034,4.112,0.34535,0.53067,0.70853,0.88061,1.2676,1.874
0.074184,2.4317,0.34418,0.52887,0.70611,0.87762,1.2633,1.8677
0.074334,2.2713,0.34301,0.52707,0.70371,0.87463,1.259,1.8613
0.074483,3.8175,0.34185,0.52528,0.70133,0.87167,1.2547,1.855
0.074633,5.2163,0.34069,0.52351,0.69896,0.86872,1.2505,1.8487
0.074783,6.1795,0.33954,0.52174,0.6966,0.86579,1.2463,1.8425
0.074933,5.66,0.3384,0.51999,0.69426,0.86288,1.2421,1.8363
0.075083,4.3145,0.33726,0.51824,0.69193,0.85998,1.2379,1.8301
0.075233,3.3721,0.33613,0.51651,0.68961,0.8571,1.2338,1.824
0.075383,2.71,0.33501,0.51478,0.6873,0.85424,1.2296,1.8179
0.075532,2.1454,0.33389,0.51306,0.68501,0.85139,1.2255,1.8118
0.075682,1.8979,0.33278,0.51136,0.68273,0.84856,1.2215,1.8058
0.075832,1.59,0.33168,0.50966,0.68047,0.84574,1.2174,1.7998
0.075982,1.8943,0.33058,0.50797,0.67822,0.84294,1.2134,1.7939
0.076132,2.5945,0.32949,0.5063,0.67598,0.84016,1.2094,1.7879
0.076282,2.8054,0.3284,0.50463,0.67375,0.83739,1.2054,1.7821
0.076432,2.6861,0.32732,0.50297,0.67154,0.83464,1.2014,1.7762
0.076582,2.0118,0.32625,0.50132,0.66933,0.8319,1.1975,1.7704
0.076731,1.563,0.32518,0.49968,0.66714,0.82918,1.1936,1.7646
0.076881,1.552,0.32412,0.49805,0.66497,0.82647,1.1897,1.7588
0.077031,1.8067,0.32307,0.49643,0.6628,0.82378,1.1858,1.7531
0.077181,1.7533,0.32202,0.49481,0.66065,0.82111,1.1819,1.7474
0.077331,1.4882,0.32097,0.49321,0.65851,0.81845,1.1781,1.7417
0.077481,0.93486,0.31994,0.49162,0.65638,0.8158,1.1743,1.7361
0.077631,0.70501,0.3189,0.49003,0.65426,0.81317,1.1705,1.7305
0.07778,0.65941,0.31788,0.48845,0.65215,0.81055,1.1668,1.7249
0.07793,0.86834,0.31686,0.48688,0.65006,0.80795,1.163,1.7194
0.07808,0.79102,0.31584,0.48532,0.64798,0.80536,1.1593,1.7139
0.07823,0.8064,0.31483,0.48377,0.64591,0.80279,1.1556,1.7084
0.07838,0.46805,0.31383,0.48223,0.64385,0.80023,1.1519,1.703
0.07853,0.38834,0.31283,0.4807,0.6418,0.79768,1.1482,1.6975
0.07868,0.18634,0.31184,0.47917,0.63976,0.79515,1.1446,1.6922
0.07883,0.19578,0.31085,0.47765,0.63774,0.79263,1.141,1.6868
0.078979,0.14164,0.30987,0.47614,0.63572,0.79013,1.1374,1.6815
0.079129,0.28472,0.30889,0.47464,0.63372,0.78764,1.1338,1.6762
0.079279,0.25525,0.30792,0.47315,0.63173,0.78516,1.1302,1.6709
0.079429,0.42963,0.30695,0.47167,0.62974,0.7827,1.1267,1.6657
0.079579,0.36807,0.30599,0.47019,0.62777,0.78025,1.1231,1.6604
0.079729,0.52591,0.30504,0.46872,0.62581,0.77781,1.1196,1.6553
0.079879,0.44435,0.30409,0.46726,0.62386,0.77539,1.1161,1.6501
0.080028,0.49908,0.30314,0.46581,0.62192,0.77298,1.1127,1.645
0.080178,0.33842,0.3022,0.46437,0.61999,0.77058,1.1092,1.6399
0.080328,0.24866,0.30127,0.46293,0.61808,0.7682,1.1058,1.6348
0.080478,0.17394,0.30034,0.4615,0.61617,0.76582,1.1024,1.6297
0.080628,0.17139,0.29941,0.46008,0.61427,0.76347,1.099,1.6247
0.080778,0.22526,0.29849,0.45867,0.61238,0.76112,1.0956,1.6197
0.080928,0.35878,0.29758,0.45726,0.61051,0.75879,1.0922,1.6148
0.081077,0.42045,0.29667,0.45586,0.60864,0.75647,1.0889,1.6098
0.081227,0.53306,0.29576,0.45447,0.60678,0.75416,1.0856,1.6049
0.081377,0.68736,0.29486,0.45309,0.60493,0.75186,1.0823,1.6
0.081527,0.61229,0.29397,0.45171,0.6031,0.74958,1.079,1.5952
0.081677,0.88681,0.29307,0.45034,0.60127,0.74731,1.0757,1.5903
0.081827,0.76355,0.29219,0.44898,0.59945,0.74505,1.0725,1.5855
0.081977,1.0188,0.29131,0.44763,0.59764,0.7428,1.0692,1.5808
0.082127,1.0035,0.29043,0.44628,0.59585,0.74057,1.066,1.576
0.082276,1.0693,0.28956,0.44494,0.59406,0.73834,1.0628,1.5713
0.082426,0.98101,0.28869,0.44361,0.59228,0.73613,1.0596,1.5666
0.082576,0.98052,0.28783,0.44228,0.59051,0.73393,1.0565,1.5619
0.082726,0.6985,0.28697,0.44096,0.58875,0.73174,1.0533,1.5572
0.082876,0.64663,0.28612,0.43965,0.58699,0.72956,1.0502,1.5526
0.083026,0.25042,0.28527,0.43834,0.58525,0.7274,1.0471,1.548
0.083176,0.14256,0.28442,0.43705,0.58352,0.72524,1.044,1.5434
0.083325,0.081939,0.28358,0.43575,0.58179,0.7231,1.0409,1.5388
0.083475,0.315,0.28275,0.43447,0.58008,0.72097,1.0378,1.5343
0.083625,0.57286,0.28191,0.43319,0.57837,0.71885,1.0348,1.5298
0.083775,0.89369,0.28109,0.43192,0.57668,0.71674,1.0317,1.5253
0.083925,0.76502,0.28026,0.43066,0.57499,0.71464,1.0287,1.5208
0.084075,0.71004,0.27945,0.4294,0.57331,0.71255,1.0257,1.5164
0.084225,0.37783,0.27863,0.42815,0.57164,0.71048,1.0227,1.512
0.084375,0.28884,0.27782,0.4269,0.56997,0.70841,1.0197,1.5076
0.084524,0.28554,0.27701,0.42566,0.56832,0.70636,1.0168,1.5032
0.084674,0.41399,0.27621,0.42443,0.56668,0.70431,1.0138,1.4988
0.084824,0.53503,0.27542,0.42321,0.56504,0.70228,1.0109,1.4945
0.084974,0.73163,0.27462,0.42199,0.56341,0.70025,1.008,1.4902
0.085124,0.70001,0.27383,0.42077,0.56179,0.69824,1.0051,1.4859
0.085274,0.76188,0.27305,0.41957,0.56018,0.69624,1.0022,1.4817
0.085424,0.5881,0.27227,0.41837,0.55858,0.69425,0.99934,1.4774
0.085573,0.47063,0.27149,0.41717,0.55698,0.69226,0.99648,1.4732
0.085723,0.30858,0.27071,0.41598,0.5554,0.69029,0.99365,1.469
0.085873,0.27714,0.26995,0.4148,0.55382,0.68833,0.99082,1.4648
0.086023,0.24569,0.26918,0.41362,0.55225,0.68638,0.98801,1.4607
0.086173,0.42391,0.26842,0.41245,0.55068,0.68444,0.98522,1.4565
0.086323,0.38984,0.26766,0.41129,0.54913,0.6825,0.98244,1.4524
0.086473,0.48008,0.26691,0.41013,0.54758,0.68058,0.97967,1.4483
0.086623,0.30106,0.26616,0.40898,0.54604,0.67867,0.97692,1.4443
0.086772,0.22821,0.26541,0.40783,0.54451,0.67677,0.97418,1.4402
0.086922,0.099559,0.26467,0.40669,0.54299,0.67487,0.97145,1.4362
0.087072,0.18365,0.26393,0.40556,0.54148,0.67299,0.96874,1.4322
0.087222,0.15015,0.26319,0.40443,0.53997,0.67112,0.96604,1.4282
0.087372,0.28707,0.26246,0.4033,0.53847,0.66925,0.96336,1.4242
0.087522,0.13771,0.26174,0.40218,0.53697,0.6674,0.96069,1.4203
0.087672,0.15211,0.26101,0.40107,0.53549,0.66555,0.95803,1.4164
0.087821,0.17744,0.26029,0.39997,0.53401,0.66371,0.95539,1.4124
0.087971,0.32122,0.25957,0.39886,0.53254,0.66189,0.95276,1.4086
0.088121,0.61692,0.25886,0.39777,0.53108,0.66007,0.95014,1.4047
0.088271,0.80352,0.25815,0.39668,0.52962,0.65826,0.94754,1.4008
0.088421,0.89528,0.25745,0.39559,0.52817,0.65646,0.94495,1.397
0.088571,0.9196,0.25674,0.39451,0.52673,0.65467,0.94237,1.3932
0.088721,0.80357,0.25605,0.39344,0.5253,0.65289,0.9398,1.3894
0.088871,0.65962,0.25535,0.39237,0.52387,0.65111,0.93725,1.3856
0.08902,0.50657,0.25466,0.39131,0.52245,0.64935,0.93471,1.3819
0.08917,0.20325,0.25397,0.39025,0.52104,0.64759,0.93218,1.3781
0.08932,0.077347,0.25328,0.3892,0.51964,0.64585,0.92967,1.3744
0.08947,0.064829,0.2526,0.38815,0.51824,0.64411,0.92717,1.3707
0.08962,0.18348,0.25192,0.38711,0.51685,0.64238,0.92468,1.367
0.08977,0.50286,0.25125,0.38607,0.51546,0.64066,0.9222,1.3634
0.08992,0.63069,0.25058,0.38504,0.51408,0.63894,0.91973,1.3597
0.090069,0.59695,0.24991,0.38401,0.51271,0.63724,0.91728,1.3561
0.090219,0.62017,0.24924,0.38299,0.51135,0.63554,0.91484,1.3525
0.090369,0.46725,0.24858,0.38197,0.50999,0.63386,0.91241,1.3489
0.090519,0.74835,0.24792,0.38096,0.50864,0.63218,0.90999,1.3453
0.090669,0.93722,0.24727,0.37995,0.50729,0.63051,0.90759,1.3418
0.090819,1.1055,0.24662,0.37895,0.50596,0.62884,0.90519,1.3382
0.090969,1.1318,0.24597,0.37795,0.50462,0.62719,0.90281,1.3347
0.091119,0.93502,0.24532,0.37696,0.5033,0.62554,0.90044,1.3312
0.091268,0.76676,0.24468,0.37598,0.50198,0.6239,0.89808,1.3277
0.091418,0.76023,0.24404,0.37499,0.50067,0.62227,0.89573,1.3243
0.091568,0.69341,0.2434,0.37401,0.49936,0.62065,0.8934,1.3208
0.091718,0.74377,0.24277,0.37304,0.49806,0.61903,0.89107,1.3174
0.091868,0.58647,0.24214,0.37207,0.49677,0.61743,0.88876,1.3139
0.092018,0.4314,0.24151,0.37111,0.49548,0.61583,0.88646,1.3105
0.092168,0.28678,0.24089,0.37015,0.4942,0.61424,0.88417,1.3072
0.092317,0.17933,0.24027,0.3692,0.49293,0.61265,0.88189,1.3038
0.092467,0.11138,0.23965,0.36825,0.49166,0.61108,0.87962,1.3004
0.092617,0.052745,0.23903,0.3673,0.4904,0.60951,0.87736,1.2971
0.092767,0.032066,0.23842,0.36636,0.48914,0.60795,0.87511,1.2938
0.092917,0.10048,0.23781,0.36542,0.48789,0.60639,0.87288,1.2905
0.093067,0.19766,0.23721,0.36449,0.48665,0.60485,0.87065,1.2872
0.093217,0.29052,0.2366,0.36356,0.48541,0.60331,0.86844,1.2839
0.093367,0.23983,0.236,0.36264,0.48418,0.60178,0.86623,1.2806
0.093516,0.14265,0.2354,0.36172,0.48295,0.60025,0.86404,1.2774
0.093666,0.061039,0.23481,0.36081,0.48173,0.59874,0.86186,1.2742
0.093816,0.010238,0.23422,0.3599,0.48052,0.59723,0.85968,1.271
0.093966,0.070849,0.23363,0.35899,0.47931,0.59573,0.85752,1.2678
0.094116,0.058275,0.23304,0.35809,0.47811,0.59423,0.85537,1.2646
0.094266,0.036533,0.23246,0.3572,0.47691,0.59274,0.85323,1.2614
0.094416,0.035924,0.23188,0.3563,0.47572,0.59126,0.8511,1.2583
0.094565,0.054993,0.2313,0.35542,0.47453,0.58979,0.84897,1.2551
0.094715,0.09368,0.23072,0.35453,0.47335,0.58832,0.84686,1.252
0.094865,0.12547,0.23015,0.35365,0.47218,0.58686,0.84476,1.2489
0.095015,0.065695,0.22958,0.35278,0.47101,0.58541,0.84267,1.2458
0.095165,0.063283,0.22901,0.35191,0.46984,0.58396,0.84059,1.2427
0.095315,0.21274,0.22845,0.35104,0.46869,0.58252,0.83852,1.2397
0.095465,0.40692,0.22789,0.35017,0.46753,0.58109,0.83645,1.2366
0.095614,0.65318,0.22733,0.34932,0.46639,0.57966,0.8344,1.2336
0.095764,0.82883,0.22677,0.34846,0.46524,0.57824,0.83236,1.2306
0.095914,0.6569,0.22622,0.34761,0.46411,0.57683,0.83032,1.2276
0.096064,0.73712,0.22567,0.34676,0.46298,0.57543,0.8283,1.2246
0.096214,0.52803,0.22512,0.34592,0.46185,0.57403,0.82629,1.2216
0.096364,0.69377,0.22457,0.34508,0.46073,0.57263,0.82428,1.2186
0.096514,0.81629,0.22403,0.34424,0.45961,0.57125,0.82229,1.2157
0.096664,0.86344,0.22349,0.34341,0.4585,0.56987,0.8203,1.2127
0.096813,0.88273,0.22295,0.34258,0.4574,0.56849,0.81832,1.2098
0.096963,0.68645,0.22241,0.34176,0.4563,0.56713,0.81635,1.2069
0.097113,0.38023,0.22188,0.34094,0.4552,0.56577,0.8144,1.204
0.097263,0.19721,0.22135,0.34012,0.45412,0.56441,0.81245,1.2011
0.097413,0.036685,0.22082,0.33931,0.45303,0.56306,0.81051,1.1983
0.097563,0.083657,0.22029,0.3385,0.45195,0.56172,0.80857,1.1954
0.097713,0.28448,0.21977,0.3377,0.45088,0.56039,0.80665,1.1926
0.097862,0.3709,0.21925,0.3369,0.44981,0.55906,0.80474,1.1897
0.098012,0.45434,0.21873,0.3361,0.44874,0.55773,0.80283,1.1869
0.098162,0.43825,0.21821,0.33531,0.44768,0.55642,0.80094,1.1841
0.098312,0.33881,0.2177,0.33452,0.44663,0.5551,0.79905,1.1813
0.098462,0.37139,0.21719,0.33373,0.44558,0.5538,0.79717,1.1785
0.098612,0.32204,0.21668,0.33295,0.44453,0.5525,0.7953,1.1758
0.098762,0.24069,0.21617,0.33217,0.44349,0.55121,0.79344,1.173
0.098912,0.12114,0.21566,0.33139,0.44246,0.54992,0.79159,1.1703
0.099061,0.065864,0.21516,0.33062,0.44142,0.54864,0.78974,1.1676
0.099211,0.085823,0.21466,0.32985,0.4404,0.54736,0.78791,1.1648
0.099361,0.3725,0.21416,0.32909,0.43938,0.54609,0.78608,1.1621
0.099511,0.46659,0.21367,0.32832,0.43836,0.54483,0.78426,1.1595
0.099661,0.48302,0.21317,0.32757,0.43735,0.54357,0.78245,1.1568
0.099811,0.40004,0.21268,0.32681,0.43634,0.54232,0.78065,1.1541
0.099961,0.25233,0.21219,0.32606,0.43534,0.54107,0.77885,1.1515
0.10011,0.56877,0.21171,0.32531,0.43434,0.53983,0.77706,1.1488
0.10026,0.89819,0.21122,0.32457,0.43334,0.5386,0.77529,1.1462
0.10041,1.2382,0.21074,0.32383,0.43236,0.53737,0.77352,1.1436
0.10056,1.2784,0.21026,0.32309,0.43137,0.53614,0.77175,1.141
0.10071,0.88203,0.20978,0.32235,0.43039,0.53492,0.77,1.1384
0.10086,0.50132,0.20931,0.32162,0.42941,0.53371,0.76825,1.1358
0.10101,0.13963,0.20883,0.3209,0.42844,0.5325,0.76652,1.1332
0.10116,0.041988,0.20836,0.32017,0.42747,0.5313,0.76478,1.1307
0.10131,0.0077334,0.20789,0.31945,0.42651,0.5301,0.76306,1.1281
0.10146,0.059071,0.20743,0.31873,0.42555,0.52891,0.76135,1.1256
0.10161,0.12793,0.20696,0.31802,0.4246,0.52773,0.75964,1.1231
0.10176,0.35847,0.2065,0.31731,0.42365,0.52655,0.75794,1.1205
0.10191,0.6731,0.20604,0.3166,0.4227,0.52537,0.75625,1.118
0.10206,0.83397,0.20558,0.31589,0.42176,0.5242,0.75456,1.1155
0.10221,0.89693,0.20512,0.31519,0.42082,0.52303,0.75289,1.1131
0.10236,0.60131,0.20467,0.31449,0.41989,0.52188,0.75122,1.1106
0.10251,0.39308,0.20421,0.3138,0.41896,0.52072,0.74956,1.1081
0.10266,0.15248,0.20376,0.3131,0.41804,0.51957,0.7479,1.1057
0.10281,0.12242,0.20331,0.31241,0.41712,0.51843,0.74625,1.1033
0.10296,0.063914,0.20287,0.31173,0.4162,0.51729,0.74461,1.1008
0.10311,0.16204,0.20242,0.31104,0.41529,0.51615,0.74298,1.0984
0.10326,0.17557,0.20198,0.31036,0.41438,0.51502,0.74136,1.096
0.10341,0.3748,0.20154,0.30969,0.41347,0.5139,0.73974,1.0936
0.10356,0.45528,0.2011,0.30901,0.41257,0.51278,0.73813,1.0912
0.10371,0.43438,0.20066,0.30834,0.41168,0.51167,0.73652,1.0889
0.10386,0.33159,0.20023,0.30767,0.41079,0.51056,0.73493,1.0865
0.10401,0.11489,0.19979,0.30701,0.4099,0.50945,0.73334,1.0842
0.10416,0.084549,0.19936,0.30634,0.40901,0.50835,0.73175,1.0818
0.10431,0.21532,0.19893,0.30568,0.40813,0.50726,0.73018,1.0795
0.10446,0.37308,0.19851,0.30503,0.40726,0.50617,0.72861,1.0772
0.10461,0.5887,0.19808,0.30437,0.40638,0.50509,0.72705,1.0749
0.10476,0.59496,0.19766,0.30372,0.40551,0.50401,0.72549,1.0726
0.10491,0.48405,0.19724,0.30307,0.40465,0.50293,0.72395,1.0703
0.10506,0.402,0.19682,0.30243,0.40379,0.50186,0.7224,1.068
0.10521,0.20514,0.1964,0.30179,0.40293,0.50079,0.72087,1.0657
0.10536,0.19512,0.19598,0.30115,0.40207,0.49973,0.71934,1.0635
0.10551,0.17818,0.19557,0.30051,0.40122,0.49868,0.71782,1.0612
0.10566,0.13042,0.19515,0.29988,0.40038,0.49762,0.71631,1.059
0.10581,0.17044,0.19474,0.29925,0.39954,0.49658,0.7148,1.0568
0.10596,0.071865,0.19434,0.29862,0.3987,0.49553,0.7133,1.0545
0.10611,0.085272,0.19393,0.29799,0.39786,0.49449,0.7118,1.0523
0.10625,0.19152,0.19352,0.29737,0.39703,0.49346,0.71032,1.0501
0.1064,0.26724,0.19312,0.29675,0.3962,0.49243,0.70883,1.0479
0.10655,0.44418,0.19272,0.29613,0.39538,0.49141,0.70736,1.0458
0.1067,0.39108,0.19232,0.29552,0.39456,0.49039,0.70589,1.0436
0.10685,0.29751,0.19192,0.2949,0.39374,0.48937,0.70443,1.0414
0.107,0.15074,0.19152,0.29429,0.39292,0.48836,0.70297,1.0393
0.10715,0.040668,0.19113,0.29369,0.39211,0.48735,0.70152,1.0371
0.1073,0.063757,0.19073,0.29308,0.39131,0.48635,0.70008,1.035
0.10745,0.075538,0.19034,0.29248,0.3905,0.48535,0.69864,1.0329
0.1076,0.12676,0.18995,0.29188,0.3897,0.48436,0.69721,1.0308
0.10775,0.10237,0.18956,0.29129,0.38891,0.48337,0.69579,1.0287
0.1079,0.11357,0.18918,0.29069,0.38812,0.48238,0.69437,1.0266
0.10805,0.10656,0.18879,0.2901,0.38733,0.4814,0.69296,1.0245
0.1082,0.12553,0.18841,0.28951,0.38654,0.48042,0.69155,1.0224
0.10835,0.096129,0.18803,0.28893,0.38576,0.47945,0.69015,1.0203
0.1085,0.071419,0.18765,0.28834,0.38498,0.47848,0.68875,1.0183
0.10865,0.015017,0.18727,0.28776,0.3842,0.47752,0.68737,1.0162
0.1088,0.016916,0.18689,0.28718,0.38343,0.47656,0.68598,1.0142
0.10895,0.066572,0.18652,0.28661,0.38266,0.4756,0.68461,1.0121
0.1091,0.10216,0.18614,0.28603,0.38189,0.47465,0.68324,1.0101
0.10925,0.20252,0.18577,0.28546,0.38113,0.4737,0.68187,1.0081
0.1094,0.21599,0.1854,0.28489,0.38037,0.47276,0.68051,1.0061
0.10955,0.21327,0.18503,0.28433,0.37961,0.47182,0.67916,1.0041
0.1097,0.21157,0.18467,0.28376,0.37886,0.47088,0.67781,1.0021
0.10985,0.095306,0.1843,0.2832,0.37811,0.46995,0.67647,1.0001
0.11,0.072293,0.18394,0.28264,0.37737,0.46902,0.67514,0.99812
0.11015,0.019893,0.18358,0.28208,0.37662,0.4681,0.67381,0.99615
0.1103,0.016001,0.18321,0.28153,0.37588,0.46718,0.67248,0.9942
0.11045,0.08332,0.18286,0.28098,0.37514,0.46626,0.67116,0.99225
0.1106,0.12868,0.1825,0.28043,0.37441,0.46535,0.66985,0.99031
0.11075,0.15729,0.18214,0.27988,0.37368,0.46444,0.66854,0.98837
0.1109,0.28028,0.18179,0.27933,0.37295,0.46354,0.66724,0.98645
0.11105,0.4126,0.18143,0.27879,0.37223,0.46263,0.66594,0.98453
0.1112,0.63108,0.18108,0.27825,0.37151,0.46174,0.66465,0.98262
0.11135,0.92308,0.18073,0.27771,0.37079,0.46084,0.66337,0.98072
0.1115,0.84981,0.18038,0.27718,0.37007,0.45996,0.66209,0.97883
0.11165,0.80595,0.18004,0.27664,0.36936,0.45907,0.66081,0.97694
0.1118,0.40398,0.17969,0.27611,0.36865,0.45819,0.65954,0.97507
0.11195,0.23205,0.17935,0.27558,0.36794,0.45731,0.65828,0.9732
0.1121,0.26445,0.179,0.27506,0.36724,0.45644,0.65702,0.97134
0.11225,0.47187,0.17866,0.27453,0.36654,0.45556,0.65577,0.96949
0.1124,0.72037,0.17832,0.27401,0.36584,0.4547,0.65452,0.96764
0.11255,0.798,0.17798,0.27349,0.36515,0.45383,0.65327,0.9658
0.1127,0.59021,0.17764,0.27297,0.36445,0.45297,0.65204,0.96397
0.11285,0.41502,0.17731,0.27245,0.36377,0.45212,0.6508,0.96215
0.113,0.17678,0.17697,0.27194,0.36308,0.45127,0.64958,0.96034
0.11315,0.13289,0.17664,0.27143,0.3624,0.45042,0.64836,0.95853
0.1133,0.1079,0.17631,0.27092,0.36172,0.44957,0.64714,0.95673
0.11345,0.12587,0.17598,0.27041,0.36104,0.44873,0.64593,0.95494
0.1136,0.19386,0.17565,0.26991,0.36036,0.44789,0.64472,0.95316
0.11375,0.27102,0.17532,0.2694,0.35969,0.44706,0.64352,0.95138
0.1139,0.40298,0.175,0.2689,0.35902,0.44622,0.64232,0.94961
0.11405,0.38655,0.17467,0.2684,0.35836,0.4454,0.64113,0.94785
0.1142,0.39202,0.17435,0.26791,0.35769,0.44457,0.63994,0.94609
0.11435,0.25274,0.17403,0.26741,0.35703,0.44375,0.63876,0.94435
0.1145,0.24151,0.17371,0.26692,0.35638,0.44293,0.63758,0.94261
0.11465,0.17962,0.17339,0.26643,0.35572,0.44212,0.63641,0.94087
0.1148,0.19197,0.17307,0.26594,0.35507,0.44131,0.63525,0.93915
0.11495,0.1266,0.17275,0.26545,0.35442,0.4405,0.63408,0.93743
0.1151,0.16874,0.17244,0.26497,0.35377,0.4397,0.63293,0.93572
0.11525,0.19001,0.17212,0.26449,0.35313,0.4389,0.63177,0.93401
0.1154,0.28447,0.17181,0.26401,0.35249,0.4381,0.63063,0.93232
0.11555,0.31273,0.1715,0.26353,0.35185,0.43731,0.62948,0.93063
0.1157,0.22254,0.17119,0.26305,0.35121,0.43651,0.62834,0.92894
0.11585,0.16289,0.17088,0.26258,0.35058,0.43573,0.62721,0.92727
0.116,0.093435,0.17057,0.2621,0.34995,0.43494,0.62608,0.9256
0.11615,0.090696,0.17027,0.26163,0.34932,0.43416,0.62496,0.92394
0.1163,0.14337,0.16996,0.26116,0.34869,0.43338,0.62384,0.92228
0.11645,0.063276,0.16966,0.2607,0.34807,0.43261,0.62272,0.92063
0.1166,0.088306,0.16936,0.26023,0.34745,0.43184,0.62161,0.91899
0.11675,0.045904,0.16905,0.25977,0.34683,0.43107,0.62051,0.91736
0.1169,0.14805,0.16875,0.25931,0.34621,0.4303,0.6194,0.91573
0.11705,0.16524,0.16846,0.25885,0.3456,0.42954,0.61831,0.91411
0.1172,0.22541,0.16816,0.25839,0.34499,0.42878,0.61722,0.91249
0.11735,0.12281,0.16786,0.25794,0.34438,0.42803,0.61613,0.91089
0.11749,0.17905,0.16757,0.25748,0.34378,0.42728,0.61505,0.90928
0.11764,0.12933,0.16727,0.25703,0.34318,0.42653,0.61397,0.90769
0.11779,0.18902,0.16698,0.25658,0.34257,0.42578,0.61289,0.9061
0.11794,0.14476,0.16669,0.25613,0.34198,0.42504,0.61182,0.90452
0.11809,0.063564,0.1664,0.25569,0.34138,0.4243,0.61076,0.90294
0.11824,0.047729,0.16611,0.25524,0.34079,0.42356,0.6097,0.90137
0.11839,0.060563,0.16582,0.2548,0.3402,0.42282,0.60864,0.89981
0.11854,0.13095,0.16553,0.25436,0.33961,0.42209,0.60759,0.89826
0.11869,0.19025,0.16525,0.25392,0.33902,0.42137,0.60654,0.89671
0.11884,0.15806,0.16496,0.25349,0.33844,0.42064,0.60549,0.89516
0.11899,0.1544,0.16468,0.25305,0.33786,0.41992,0.60445,0.89363
0.11914,0.1314,0.1644,0.25262,0.33728,0.4192,0.60342,0.8921
0.11929,0.17956,0.16412,0.25219,0.3367,0.41848,0.60239,0.89057
0.11944,0.15862,0.16384,0.25176,0.33613,0.41777,0.60136,0.88905
0.11959,0.22036,0.16356,0.25133,0.33556,0.41706,0.60034,0.88754
0.11974,0.1383,0.16328,0.2509,0.33499,0.41635,0.59932,0.88604
0.11989,0.28704,0.16301,0.25048,0.33442,0.41565,0.59831,0.88454
0.12004,0.26692,0.16273,0.25005,0.33386,0.41494,0.59729,0.88304
0.12019,0.38841,0.16246,0.24963,0.33329,0.41425,0.59629,0.88155
0.12034,0.32564,0.16218,0.24921,0.33273,0.41355,0.59529,0.88007
0.12049,0.23257,0.16191,0.24879,0.33218,0.41286,0.59429,0.8786
0.12064,0.13737,0.16164,0.24838,0.33162,0.41217,0.59329,0.87713
0.12079,0.041099,0.16137,0.24796,0.33107,0.41148,0.5923,0.87566
0.12094,0.046788,0.1611,0.24755,0.33052,0.41079,0.59132,0.87421
0.12109,0.075083,0.16083,0.24714,0.32997,0.41011,0.59034,0.87276
0.12124,0.083739,0.16057,0.24673,0.32942,0.40943,0.58936,0.87131
0.12139,0.10579,0.1603,0.24632,0.32888,0.40875,0.58838,0.86987
0.12154,0.040402,0.16004,0.24592,0.32833,0.40808,0.58741,0.86844
0.12169,0.039162,0.15978,0.24551,0.32779,0.40741,0.58645,0.86701
0.12184,0.020256,0.15951,0.24511,0.32726,0.40674,0.58549,0.86558
0.12199,0.054612,0.15925,0.24471,0.32672,0.40608,0.58453,0.86417
0.12214,0.091699,0.15899,0.24431,0.32619,0.40541,0.58357,0.86276
0.12229,0.096982,0.15873,0.24391,0.32566,0.40475,0.58262,0.86135
0.12244,0.14026,0.15848,0.24351,0.32513,0.40409,0.58168,0.85995
0.12259,0.25017,0.15822,0.24312,0.3246,0.40344,0.58073,0.85856
0.12274,0.41636,0.15796,0.24273,0.32407,0.40279,0.57979,0.85717
0.12289,0.67495,0.15771,0.24234,0.32355,0.40214,0.57886,0.85579
0.12304,0.751,0.15745,0.24195,0.32303,0.40149,0.57793,0.85441
0.12319,0.77632,0.1572,0.24156,0.32251,0.40085,0.577,0.85304
0.12334,0.59926,0.15695,0.24117,0.322,0.4002,0.57608,0.85167
0.12349,0.42998,0.1567,0.24078,0.32148,0.39956,0.57516,0.85031
0.12364,0.30325,0.15645,0.2404,0.32097,0.39893,0.57424,0.84896
0.12379,0.18145,0.1562,0.24002,0.32046,0.39829,0.57333,0.84761
0.12394,0.13535,0.15595,0.23964,0.31995,0.39766,0.57242,0.84626
0.12409,0.037041,0.15571,0.23926,0.31945,0.39703,0.57151,0.84492
0.12424,0.048925,0.15546,0.23888,0.31894,0.39641,0.57061,0.84359
0.12439,0.057397,0.15522,0.23851,0.31844,0.39578,0.56971,0.84226
0.12454,0.18105,0.15497,0.23813,0.31794,0.39516,0.56882,0.84094
0.12469,0.17056,0.15473,0.23776,0.31744,0.39454,0.56793,0.83962
0.12484,0.22796,0.15449,0.23739,0.31694,0.39392,0.56704,0.83831
0.12499,0.11786,0.15425,0.23702,0.31645,0.39331,0.56615,0.837
0.12514,0.13945,0.15401,0.23665,0.31596,0.3927,0.56527,0.8357
0.12529,0.13209,0.15377,0.23628,0.31547,0.39209,0.5644,0.83441
0.12544,0.11738,0.15353,0.23591,0.31498,0.39148,0.56352,0.83311
0.12559,0.12183,0.15329,0.23555,0.31449,0.39088,0.56265,0.83183
0.12574,0.030939,0.15306,0.23519,0.31401,0.39028,0.56179,0.83055
0.12589,0.035055,0.15282,0.23483,0.31353,0.38968,0.56092,0.82927
0.12604,0.27909,0.15259,0.23447,0.31305,0.38908,0.56006,0.828
0.12619,0.59454,0.15235,0.23411,0.31257,0.38849,0.55921,0.82673
0.12634,1.2461,0.15212,0.23375,0.31209,0.38789,0.55836,0.82547
0.12649,1.668,0.15189,0.2334,0.31162,0.3873,0.55751,0.82422
0.12664,1.859,0.15166,0.23304,0.31114,0.38672,0.55666,0.82297
0.12679,1.7219,0.15143,0.23269,0.31067,0.38613,0.55582,0.82172
0.12694,1.1646,0.1512,0.23234,0.3102,0.38555,0.55498,0.82048
0.12709,0.77697,0.15097,0.23199,0.30974,0.38497,0.55414,0.81925
0.12724,0.64846,0.15075,0.23164,0.30927,0.38439,0.55331,0.81802
0.12739,0.8043,0.15052,0.23129,0.30881,0.38381,0.55248,0.81679
0.12754,1.3353,0.1503,0.23095,0.30835,0.38324,0.55166,0.81557
0.12769,1.5004,0.15007,0.2306,0.30789,0.38267,0.55083,0.81435
0.12784,1.547,0.14985,0.23026,0.30743,0.3821,0.55001,0.81314
0.12799,1.2223,0.14963,0.22992,0.30697,0.38153,0.5492,0.81194
0.12814,0.8832,0.14941,0.22958,0.30652,0.38097,0.54839,0.81074
0.12829,0.60752,0.14919,0.22924,0.30607,0.38041,0.54758,0.80954
0.12844,0.52293,0.14897,0.2289,0.30562,0.37984,0.54677,0.80835
0.12859,0.37977,0.14875,0.22857,0.30517,0.37929,0.54597,0.80716
0.12873,0.36581,0.14853,0.22823,0.30472,0.37873,0.54517,0.80598
0.12888,0.29044,0.14831,0.2279,0.30428,0.37818,0.54437,0.8048
0.12903,0.26957,0.1481,0.22756,0.30383,0.37763,0.54358,0.80363
0.12918,0.31041,0.14788,0.22723,0.30339,0.37708,0.54279,0.80246
0.12933,0.25709,0.14767,0.2269,0.30295,0.37653,0.542,0.80129
0.12948,0.25267,0.14745,0.22658,0.30251,0.37599,0.54122,0.80014
0.12963,0.21557,0.14724,0.22625,0.30208,0.37544,0.54044,0.79898
0.12978,0.3212,0.14703,0.22592,0.30164,0.3749,0.53966,0.79783
0.12993,0.30541,0.14682,0.2256,0.30121,0.37437,0.53888,0.79669
0.13008,0.36308,0.14661,0.22528,0.30078,0.37383,0.53811,0.79555
0.13023,0.17364,0.1464,0.22495,0.30035,0.3733,0.53734,0.79441
0.13038,0.09359,0.14619,0.22463,0.29992,0.37276,0.53658,0.79328
0.13053,0.19162,0.14598,0.22432,0.29949,0.37223,0.53582,0.79215
0.13068,0.36138,0.14577,0.224,0.29907,0.37171,0.53506,0.79103
0.13083,0.69867,0.14557,0.22368,0.29865,0.37118,0.5343,0.78991
0.13098,0.75452,0.14536,0.22337,0.29822,0.37066,0.53355,0.7888
0.13113,0.66266,0.14516,0.22305,0.29781,0.37014,0.5328,0.78769
0.13128,0.46135,0.14495,0.22274,0.29739,0.36962,0.53205,0.78658
0.13143,0.37028,0.14475,0.22243,0.29697,0.3691,0.5313,0.78548
0.13158,0.29554,0.14455,0.22212,0.29656,0.36859,0.53056,0.78438
0.13173,0.40859,0.14435,0.22181,0.29614,0.36807,0.52982,0.78329
0.13188,0.23968,0.14415,0.2215,0.29573,0.36756,0.52909,0.78221
0.13203,0.1968,0.14395,0.22119,0.29532,0.36705,0.52836,0.78112
0.13218,0.031204,0.14375,0.22089,0.29492,0.36655,0.52763,0.78004
0.13233,0.051778,0.14355,0.22058,0.29451,0.36604,0.5269,0.77897
0.13248,0.065672,0.14335,0.22028,0.2941,0.36554,0.52618,0.7779
0.13263,0.13658,0.14316,0.21998,0.2937,0.36504,0.52545,0.77683
0.13278,0.12494,0.14296,0.21968,0.2933,0.36454,0.52474,0.77577
0.13293,0.13807,0.14277,0.21938,0.2929,0.36404,0.52402,0.77471
0.13308,0.24906,0.14257,0.21908,0.2925,0.36355,0.52331,0.77366
0.13323,0.25286,0.14238,0.21878,0.29211,0.36305,0.5226,0.77261
0.13338,0.36568,0.14219,0.21849,0.29171,0.36256,0.52189,0.77157
0.13353,0.27076,0.142,0.21819,0.29132,0.36207,0.52119,0.77052
0.13368,0.26365,0.1418,0.2179,0.29092,0.36158,0.52049,0.76949
0.13383,0.27256,0.14161,0.21761,0.29053,0.3611,0.51979,0.76845
0.13398,0.42887,0.14142,0.21731,0.29015,0.36062,0.51909,0.76743
0.13413,0.46273,0.14124,0.21702,0.28976,0.36013,0.5184,0.7664
0.13428,0.61781,0.14105,0.21673,0.28937,0.35966,0.51771,0.76538
0.13443,0.42794,0.14086,0.21645,0.28899,0.35918,0.51702,0.76436
0.13458,0.39529,0.14067,0.21616,0.2886,0.3587,0.51634,0.76335
0.13473,0.29654,0.14049,0.21587,0.28822,0.35823,0.51565,0.76234
0.13488,0.22982,0.1403,0.21559,0.28784,0.35776,0.51497,0.76134
0.13503,0.33908,0.14012,0.21531,0.28747,0.35729,0.5143,0.76034
0.13518,0.27835,0.13993,0.21502,0.28709,0.35682,0.51362,0.75934
0.13533,0.3351,0.13975,0.21474,0.28671,0.35635,0.51295,0.75835
0.13548,0.25329,0.13957,0.21446,0.28634,0.35589,0.51228,0.75736
0.13563,0.24254,0.13939,0.21419,0.28597,0.35542,0.51162,0.75638
0.13578,0.14213,0.13921,0.21391,0.2856,0.35496,0.51095,0.7554
0.13593,0.17031,0.13903,0.21363,0.28523,0.3545,0.51029,0.75442
0.13608,0.083411,0.13885,0.21336,0.28486,0.35405,0.50964,0.75345
0.13623,0.096705,0.13867,0.21308,0.28449,0.35359,0.50898,0.75248
0.13638,0.061576,0.13849,0.21281,0.28413,0.35314,0.50833,0.75151
0.13653,0.028139,0.13831,0.21254,0.28377,0.35269,0.50768,0.75055
0.13668,0.05977,0.13814,0.21226,0.2834,0.35224,0.50703,0.74959
0.13683,0.097643,0.13796,0.21199,0.28304,0.35179,0.50638,0.74864
0.13698,0.14552,0.13779,0.21173,0.28268,0.35134,0.50574,0.74769
0.13713,0.23113,0.13761,0.21146,0.28233,0.3509,0.5051,0.74674
0.13728,0.19325,0.13744,0.21119,0.28197,0.35045,0.50446,0.7458
0.13743,0.21917,0.13727,0.21092,0.28161,0.35001,0.50383,0.74486
0.13758,0.12539,0.13709,0.21066,0.28126,0.34957,0.5032,0.74393
0.13773,0.1443,0.13692,0.2104,0.28091,0.34914,0.50257,0.743
0.13788,0.068562,0.13675,0.21013,0.28056,0.3487,0.50194,0.74207
0.13803,0.092617,0.13658,0.20987,0.28021,0.34827,0.50132,0.74115
0.13818,0.030513,0.13641,0.20961,0.27986,0.34783,0.50069,0.74023
0.13833,0.055762,0.13624,0.20935,0.27951,0.3474,0.50007,0.73931
0.13848,0.071743,0.13607,0.20909,0.27917,0.34697,0.49946,0.7384
0.13863,0.19197,0.13591,0.20884,0.27883,0.34655,0.49884,0.73749
0.13878,0.22922,0.13574,0.20858,0.27848,0.34612,0.49823,0.73658
0.13893,0.30795,0.13557,0.20832,0.27814,0.3457,0.49762,0.73568
0.13908,0.16314,0.13541,0.20807,0.2778,0.34528,0.49701,0.73478
0.13923,0.11988,0.13524,0.20782,0.27746,0.34486,0.4964,0.73389
0.13938,0.026356,0.13508,0.20756,0.27713,0.34444,0.4958,0.73299
0.13953,0.11149,0.13492,0.20731,0.27679,0.34402,0.4952,0.73211
0.13968,0.22931,0.13475,0.20706,0.27646,0.3436,0.4946,0.73122
0.13982,0.25703,0.13459,0.20681,0.27612,0.34319,0.49401,0.73034
0.13997,0.23338,0.13443,0.20656,0.27579,0.34278,0.49341,0.72947
0.14012,0.071004,0.13427,0.20632,0.27546,0.34237,0.49282,0.72859
0.14027,0.049622,0.13411,0.20607,0.27513,0.34196,0.49224,0.72772
0.14042,0.082787,0.13395,0.20583,0.27481,0.34155,0.49165,0.72686
0.14057,0.18126,0.13379,0.20558,0.27448,0.34115,0.49107,0.72599
0.14072,0.22612,0.13363,0.20534,0.27415,0.34074,0.49048,0.72513
0.14087,0.14396,0.13347,0.20509,0.27383,0.34034,0.4899,0.72428
0.14102,0.066788,0.13332,0.20485,0.27351,0.33994,0.48933,0.72342
0.14117,0.045332,0.13316,0.20461,0.27319,0.33954,0.48875,0.72257
0.14132,0.080515,0.133,0.20437,0.27287,0.33914,0.48818,0.72173
0.14147,0.12257,0.13285,0.20413,0.27255,0.33875,0.48761,0.72089
0.14162,0.10449,0.13269,0.2039,0.27223,0.33835,0.48704,0.72005
0.14177,0.079574,0.13254,0.20366,0.27192,0.33796,0.48648,0.71921
0.14192,0.1151,0.13239,0.20342,0.2716,0.33757,0.48591,0.71838
0.14207,0.3114,0.13223,0.20319,0.27129,0.33718,0.48535,0.71755
0.14222,0.35373,0.13208,0.20296,0.27098,0.33679,0.4848,0.71672
0.14237,0.50513,0.13193,0.20272,0.27066,0.3364,0.48424,0.7159
0.14252,0.29206,0.13178,0.20249,0.27035,0.33602,0.48368,0.71508
0.14267,0.24722,0.13163,0.20226,0.27005,0.33564,0.48313,0.71426
0.14282,0.14833,0.13148,0.20203,0.26974,0.33525,0.48258,0.71345
0.14297,0.11371,0.13133,0.2018,0.26943,0.33487,0.48204,0.71264
0.14312,0.15619,0.13118,0.20157,0.26913,0.33449,0.48149,0.71184
0.14327,0.072452,0.13103,0.20135,0.26882,0.33412,0.48095,0.71103
0.14342,0.065806,0.13088,0.20112,0.26852,0.33374,0.48041,0.71023
0.14357,0.057864,0.13074,0.20089,0.26822,0.33337,0.47987,0.70944
0.14372,0.11432,0.13059,0.20067,0.26792,0.33299,0.47933,0.70864
0.14387,0.1244,0.13045,0.20044,0.26762,0.33262,0.4788,0.70785
0.14402,0.1249,0.1303,0.20022,0.26732,0.33225,0.47826,0.70707
0.14417,0.063078,0.13016,0.2,0.26703,0.33189,0.47773,0.70628
0.14432,0.028279,0.13001,0.19978,0.26673,0.33152,0.47721,0.7055
0.14447,0.11675,0.12987,0.19956,0.26644,0.33115,0.47668,0.70473
0.14462,0.094512,0.12973,0.19934,0.26615,0.33079,0.47616,0.70395
0.14477,0.19517,0.12958,0.19912,0.26586,0.33043,0.47564,0.70318
0.14492,0.089631,0.12944,0.1989,0.26557,0.33007,0.47512,0.70241
0.14507,0.07996,0.1293,0.19869,0.26528,0.32971,0.4746,0.70165
0.14522,0.034717,0.12916,0.19847,0.26499,0.32935,0.47408,0.70089
0.14537,0.12229,0.12902,0.19826,0.2647,0.32899,0.47357,0.70013
0.14552,0.17478,0.12888,0.19804,0.26442,0.32864,0.47306,0.69937
0.14567,0.33936,0.12874,0.19783,0.26413,0.32828,0.47255,0.69862
0.14582,0.28863,0.12861,0.19762,0.26385,0.32793,0.47204,0.69787
0.14597,0.31188,0.12847,0.19741,0.26357,0.32758,0.47154,0.69712
0.14612,0.16839,0.12833,0.1972,0.26328,0.32723,0.47104,0.69638
0.14627,0.12991,0.1282,0.19699,0.263,0.32688,0.47054,0.69564
0.14642,0.15516,0.12806,0.19678,0.26273,0.32654,0.47004,0.6949
0.14657,0.21128,0.12792,0.19657,0.26245,0.32619,0.46954,0.69417
0.14672,0.31608,0.12779,0.19636,0.26217,0.32585,0.46905,0.69344
0.14687,0.29279,0.12766,0.19616,0.2619,0.32551,0.46855,0.69271
0.14702,0.27388,0.12752,0.19595,0.26162,0.32517,0.46806,0.69198
0.14717,0.20744,0.12739,0.19575,0.26135,0.32483,0.46757,0.69126
0.14732,0.21078,0.12726,0.19554,0.26108,0.32449,0.46709,0.69054
0.14747,0.18271,0.12712,0.19534,0.26081,0.32415,0.4666,0.68983
0.14762,0.1537,0.12699,0.19514,0.26054,0.32382,0.46612,0.68911
0.14777,0.064295,0.12686,0.19494,0.26027,0.32348,0.46564,0.6884
0.14792,0.035176,0.12673,0.19474,0.26,0.32315,0.46516,0.68769
0.14807,0.098792,0.1266,0.19454,0.25973,0.32282,0.46468,0.68699
0.14822,0.17966,0.12647,0.19434,0.25947,0.32249,0.46421,0.68629
0.14837,0.27699,0.12634,0.19414,0.2592,0.32216,0.46374,0.68559
0.14852,0.2142,0.12621,0.19394,0.25894,0.32183,0.46327,0.68489
0.14867,0.12194,0.12609,0.19375,0.25868,0.32151,0.4628,0.6842
0.14882,0.078428,0.12596,0.19355,0.25842,0.32118,0.46233,0.68351
0.14897,0.037588,0.12583,0.19336,0.25816,0.32086,0.46186,0.68282
0.14912,0.147,0.12571,0.19316,0.2579,0.32054,0.4614,0.68214
0.14927,0.087229,0.12558,0.19297,0.25764,0.32022,0.46094,0.68146
0.14942,0.13391,0.12546,0.19278,0.25738,0.3199,0.46048,0.68078
0.14957,0.088785,0.12533,0.19259,0.25713,0.31958,0.46002,0.6801
0.14972,0.24166,0.12521,0.19239,0.25687,0.31927,0.45957,0.67943
0.14987,0.34425,0.12508,0.1922,0.25662,0.31895,0.45911,0.67876
0.15002,0.43455,0.12496,0.19202,0.25637,0.31864,0.45866,0.67809
0.15017,0.37539,0.12484,0.19183,0.25612,0.31832,0.45821,0.67742
0.15032,0.19343,0.12472,0.19164,0.25587,0.31801,0.45777,0.67676
0.15047,0.093339,0.12459,0.19145,0.25562,0.3177,0.45732,0.6761
0.15062,0.037947,0.12447,0.19127,0.25537,0.31739,0.45688,0.67545
0.15077,0.062912,0.12435,0.19108,0.25512,0.31709,0.45643,0.67479
0.15092,0.13893,0.12423,0.1909,0.25488,0.31678,0.45599,0.67414
0.15106,0.081635,0.12411,0.19071,0.25463,0.31648,0.45555,0.67349
0.15121,0.10733,0.12399,0.19053,0.25439,0.31617,0.45512,0.67285
0.15136,0.086259,0.12388,0.19035,0.25414,0.31587,0.45468,0.6722
0.15151,0.11716,0.12376,0.19017,0.2539,0.31557,0.45425,0.67156
0.15166,0.13083,0.12364,0.18999,0.25366,0.31527,0.45382,0.67092
0.15181,0.15603,0.12352,0.18981,0.25342,0.31497,0.45339,0.67029
0.15196,0.1336,0.12341,0.18963,0.25318,0.31467,0.45296,0.66966
0.15211,0.25978,0.12329,0.18945,0.25294,0.31438,0.45253,0.66903
0.15226,0.357,0.12318,0.18927,0.25271,0.31408,0.45211,0.6684
0.15241,0.42912,0.12306,0.1891,0.25247,0.31379,0.45169,0.66778
0.15256,0.50001,0.12295,0.18892,0.25223,0.3135,0.45127,0.66715
0.15271,0.32623,0.12283,0.18874,0.252,0.31321,0.45085,0.66654
0.15286,0.31532,0.12272,0.18857,0.25177,0.31292,0.45043,0.66592
0.15301,0.1997,0.12261,0.1884,0.25154,0.31263,0.45002,0.66531
0.15316,0.24165,0.12249,0.18822,0.2513,0.31234,0.4496,0.66469
0.15331,0.24282,0.12238,0.18805,0.25107,0.31206,0.44919,0.66409
0.15346,0.31564,0.12227,0.18788,0.25085,0.31177,0.44878,0.66348
0.15361,0.28795,0.12216,0.18771,0.25062,0.31149,0.44837,0.66288
0.15376,0.39202,0.12205,0.18754,0.25039,0.31121,0.44797,0.66228
0.15391,0.34983,0.12194,0.18737,0.25016,0.31092,0.44756,0.66168
0.15406,0.33795,0.12183,0.1872,0.24994,0.31064,0.44716,0.66108
0.15421,0.2264,0.12172,0.18703,0.24971,0.31037,0.44676,0.66049
0.15436,0.10769,0.12161,0.18686,0.24949,0.31009,0.44636,0.6599
0.15451,0.025519,0.1215,0.1867,0.24927,0.30981,0.44596,0.65931
0.15466,0.036601,0.12139,0.18653,0.24905,0.30954,0.44557,0.65872
0.15481,0.029807,0.12128,0.18637,0.24883,0.30926,0.44517,0.65814
0.15496,0.04806,0.12118,0.1862,0.24861,0.30899,0.44478,0.65756
0.15511,0.041025,0.12107,0.18604,0.24839,0.30872,0.44439,0.65698
0.15526,0.0091038,0.12097,0.18588,0.24817,0.30845,0.444,0.65641
0.15541,0.038894,0.12086,0.18571,0.24796,0.30818,0.44361,0.65583
0.15556,0.060232,0.12075,0.18555,0.24774,0.30791,0.44322,0.65526
0.15571,0.041914,0.12065,0.18539,0.24752,0.30764,0.44284,0.6547
0.15586,0.055207,0.12055,0.18523,0.24731,0.30738,0.44246,0.65413
0.15601,0.086456,0.12044,0.18507,0.2471,0.30711,0.44208,0.65357
0.15616,0.13216,0.12034,0.18491,0.24689,0.30685,0.4417,0.65301
0.15631,0.3544,0.12024,0.18476,0.24667,0.30659,0.44132,0.65245
0.15646,0.3804,0.12013,0.1846,0.24646,0.30633,0.44094,0.65189
0.15661,0.48704,0.12003,0.18444,0.24626,0.30607,0.44057,0.65134
0.15676,0.38315,0.11993,0.18429,0.24605,0.30581,0.4402,0.65079
0.15691,0.28436,0.11983,0.18413,0.24584,0.30555,0.43983,0.65024
0.15706,0.18911,0.11973,0.18398,0.24563,0.30529,0.43946,0.64969
0.15721,0.16519,0.11963,0.18382,0.24543,0.30504,0.43909,0.64915
0.15736,0.14214,0.11953,0.18367,0.24522,0.30478,0.43872,0.64861
0.15751,0.19902,0.11943,0.18352,0.24502,0.30453,0.43836,0.64807
0.15766,0.16934,0.11933,0.18336,0.24482,0.30428,0.438,0.64753
0.15781,0.16833,0.11923,0.18321,0.24462,0.30403,0.43764,0.647
0.15796,0.16208,0.11913,0.18306,0.24441,0.30378,0.43728,0.64647
0.15811,0.1629,0.11904,0.18291,0.24421,0.30353,0.43692,0.64594
0.15826,0.23271,0.11894,0.18276,0.24401,0.30328,0.43656,0.64541
0.15841,0.26603,0.11884,0.18261,0.24382,0.30304,0.43621,0.64489
0.15856,0.37361,0.11875,0.18247,0.24362,0.30279,0.43585,0.64437
0.15871,0.31323,0.11865,0.18232,0.24342,0.30255,0.4355,0.64385
0.15886,0.39153,0.11856,0.18217,0.24323,0.3023,0.43515,0.64333
0.15901,0.2155,0.11846,0.18203,0.24303,0.30206,0.4348,0.64281
0.15916,0.2318,0.11837,0.18188,0.24284,0.30182,0.43446,0.6423
0.15931,0.11219,0.11827,0.18174,0.24265,0.30158,0.43411,0.64179
0.15946,0.13435,0.11818,0.18159,0.24245,0.30134,0.43377,0.64128
0.15961,0.14868,0.11808,0.18145,0.24226,0.3011,0.43342,0.64078
0.15976,0.18529,0.11799,0.18131,0.24207,0.30087,0.43308,0.64027
0.15991,0.15227,0.1179,0.18117,0.24188,0.30063,0.43275,0.63977
0.16006,0.10986,0.11781,0.18102,0.24169,0.3004,0.43241,0.63927
0.16021,0.062821,0.11772,0.18088,0.24151,0.30016,0.43207,0.63878
0.16036,0.07398,0.11762,0.18074,0.24132,0.29993,0.43174,0.63828
0.16051,0.18788,0.11753,0.1806,0.24113,0.2997,0.4314,0.63779
0.16066,0.23665,0.11744,0.18047,0.24095,0.29947,0.43107,0.6373
0.16081,0.24347,0.11735,0.18033,0.24076,0.29924,0.43074,0.63681
0.16096,0.14596,0.11726,0.18019,0.24058,0.29901,0.43041,0.63633
0.16111,0.085194,0.11718,0.18005,0.2404,0.29878,0.43009,0.63584
0.16126,0.066279,0.11709,0.17992,0.24021,0.29856,0.42976,0.63536
0.16141,0.27126,0.117,0.17978,0.24003,0.29833,0.42944,0.63488
0.16156,0.29848,0.11691,0.17965,0.23985,0.29811,0.42912,0.63441
0.16171,0.46073,0.11682,0.17951,0.23967,0.29789,0.4288,0.63393
0.16186,0.31139,0.11674,0.17938,0.2395,0.29766,0.42848,0.63346
0.16201,0.28493,0.11665,0.17925,0.23932,0.29744,0.42816,0.63299
0.16215,0.19006,0.11656,0.17911,0.23914,0.29722,0.42784,0.63252
0.1623,0.1981,0.11648,0.17898,0.23897,0.29701,0.42753,0.63206
0.16245,0.14373,0.11639,0.17885,0.23879,0.29679,0.42721,0.63159
0.1626,0.12405,0.11631,0.17872,0.23862,0.29657,0.4269,0.63113
0.16275,0.022668,0.11622,0.17859,0.23844,0.29636,0.42659,0.63067
0.1629,0.0052941,0.11614,0.17846,0.23827,0.29614,0.42628,0.63022
0.16305,0.04738,0.11606,0.17833,0.2381,0.29593,0.42597,0.62976
0.1632,0.065362,0.11597,0.1782,0.23793,0.29571,0.42567,0.62931
0.16335,0.15312,0.11589,0.17808,0.23776,0.2955,0.42536,0.62886
0.1635,0.12474,0.11581,0.17795,0.23759,0.29529,0.42506,0.62841
0.16365,0.13814,0.11572,0.17782,0.23742,0.29508,0.42476,0.62797
0.1638,0.11699,0.11564,0.1777,0.23725,0.29487,0.42446,0.62752
0.16395,0.13354,0.11556,0.17757,0.23708,0.29467,0.42416,0.62708
0.1641,0.097615,0.11548,0.17745,0.23692,0.29446,0.42386,0.62664
0.16425,0.11561,0.1154,0.17732,0.23675,0.29425,0.42357,0.6262
0.1644,0.055059,0.11532,0.1772,0.23659,0.29405,0.42327,0.62577
0.16455,0.057984,0.11524,0.17708,0.23642,0.29385,0.42298,0.62533
0.1647,0.054044,0.11516,0.17696,0.23626,0.29364,0.42269,0.6249
0.16485,0.037892,0.11508,0.17683,0.2361,0.29344,0.4224,0.62447
0.165,0.054592,0.115,0.17671,0.23594,0.29324,0.42211,0.62405
0.16515,0.026788,0.11492,0.17659,0.23578,0.29304,0.42182,0.62362
0.1653,0.025358,0.11485,0.17647,0.23562,0.29284,0.42154,0.6232
0.16545,0.017699,0.11477,0.17635,0.23546,0.29265,0.42125,0.62278
0.1656,0.027154,0.11469,0.17624,0.2353,0.29245,0.42097,0.62236
0.16575,0.024651,0.11461,0.17612,0.23514,0.29225,0.42069,0.62194
0.1659,0.027613,0.11454,0.176,0.23499,0.29206,0.42041,0.62153
0.16605,0.034026,0.11446,0.17588,0.23483,0.29187,0.42013,0.62112
0.1662,0.02126,0.11439,0.17577,0.23467,0.29167,0.41985,0.62071
0.16635,0.059871,0.11431,0.17565,0.23452,0.29148,0.41957,0.6203
0.1665,0.043004,0.11424,0.17554,0.23437,0.29129,0.4193,0.61989
0.16665,0.051158,0.11416,0.17542,0.23421,0.2911,0.41903,0.61949
0.1668,0.037209,0.11409,0.17531,0.23406,0.29091,0.41875,0.61909
0.16695,0.031419,0.11401,0.1752,0.23391,0.29072,0.41848,0.61869
0.1671,0.05387,0.11394,0.17508,0.23376,0.29054,0.41821,0.61829
0.16725,0.10049,0.11387,0.17497,0.23361,0.29035,0.41795,0.61789
0.1674,0.084145,0.1138,0.17486,0.23346,0.29017,0.41768,0.6175
0.16755,0.13129,0.11372,0.17475,0.23331,0.28998,0.41742,0.61711
0.1677,0.075375,0.11365,0.17464,0.23317,0.2898,0.41715,0.61672
0.16785,0.1788,0.11358,0.17453,0.23302,0.28962,0.41689,0.61633
0.168,0.21958,0.11351,0.17442,0.23287,0.28943,0.41663,0.61594
0.16815,0.32979,0.11344,0.17431,0.23273,0.28925,0.41637,0.61556
0.1683,0.34716,0.11337,0.1742,0.23258,0.28907,0.41611,0.61518
0.16845,0.26411,0.1133,0.17409,0.23244,0.2889,0.41585,0.6148
0.1686,0.20249,0.11323,0.17399,0.2323,0.28872,0.4156,0.61442
0.16875,0.076353,0.11316,0.17388,0.23216,0.28854,0.41534,0.61404
0.1689,0.072671,0.11309,0.17377,0.23201,0.28837,0.41509,0.61367
0.16905,0.069346,0.11302,0.17367,0.23187,0.28819,0.41484,0.6133
0.1692,0.072863,0.11295,0.17356,0.23173,0.28802,0.41459,0.61293
0.16935,0.10428,0.11289,0.17346,0.23159,0.28784,0.41434,0.61256
0.1695,0.10437,0.11282,0.17336,0.23146,0.28767,0.41409,0.61219
0.16965,0.10907,0.11275,0.17325,0.23132,0.2875,0.41385,0.61183
0.1698,0.15247,0.11268,0.17315,0.23118,0.28733,0.4136,0.61147
0.16995,0.15281,0.11262,0.17305,0.23105,0.28716,0.41336,0.61111
0.1701,0.18323,0.11255,0.17295,0.23091,0.28699,0.41311,0.61075
0.17025,0.23478,0.11249,0.17285,0.23077,0.28683,0.41287,0.61039
0.1704,0.18632,0.11242,0.17275,0.23064,0.28666,0.41263,0.61004
0.17055,0.20762,0.11236,0.17265,0.23051,0.28649,0.4124,0.60969
0.1707,0.11949,0.11229,0.17255,0.23038,0.28633,0.41216,0.60934
0.17085,0.077222,0.11223,0.17245,0.23024,0.28617,0.41192,0.60899
0.171,0.081628,0.11216,0.17235,0.23011,0.286,0.41169,0.60864
0.17115,0.072973,0.1121,0.17225,0.22998,0.28584,0.41146,0.6083
0.1713,0.099273,0.11204,0.17216,0.22985,0.28568,0.41122,0.60795
0.17145,0.13705,0.11197,0.17206,0.22972,0.28552,0.41099,0.60761
0.1716,0.14075,0.11191,0.17196,0.2296,0.28536,0.41076,0.60727
0.17175,0.20784,0.11185,0.17187,0.22947,0.2852,0.41054,0.60694
0.1719,0.24166,0.11179,0.17177,0.22934,0.28504,0.41031,0.6066
0.17205,0.19333,0.11173,0.17168,0.22921,0.28489,0.41008,0.60627
0.1722,0.16635,0.11166,0.17158,0.22909,0.28473,0.40986,0.60594
0.17235,0.091956,0.1116,0.17149,0.22896,0.28458,0.40964,0.60561
0.1725,0.10577,0.11154,0.1714,0.22884,0.28442,0.40941,0.60528
0.17265,0.2584,0.11148,0.17131,0.22872,0.28427,0.40919,0.60495
0.1728,0.2691,0.11142,0.17121,0.2286,0.28412,0.40897,0.60463
0.17295,0.37856,0.11136,0.17112,0.22847,0.28397,0.40876,0.60431
0.1731,0.21879,0.1113,0.17103,0.22835,0.28382,0.40854,0.60399
0.17325,0.18155,0.11125,0.17094,0.22823,0.28367,0.40832,0.60367
0.17339,0.090496,0.11119,0.17085,0.22811,0.28352,0.40811,0.60335
0.17354,0.12415,0.11113,0.17076,0.22799,0.28337,0.4079,0.60304
0.17369,0.12591,0.11107,0.17067,0.22788,0.28322,0.40769,0.60272
0.17384,0.17117,0.11102,0.17059,0.22776,0.28308,0.40748,0.60241
0.17399,0.14052,0.11096,0.1705,0.22764,0.28293,0.40727,0.6021
0.17414,0.18252,0.1109,0.17041,0.22752,0.28279,0.40706,0.6018
0.17429,0.17112,0.11085,0.17033,0.22741,0.28264,0.40685,0.60149
0.17444,0.15644,0.11079,0.17024,0.22729,0.2825,0.40665,0.60119
0.17459,0.10646,0.11073,0.17015,0.22718,0.28236,0.40644,0.60089
0.17474,0.070572,0.11068,0.17007,0.22707,0.28222,0.40624,0.60059
0.17489,0.07289,0.11062,0.16998,0.22695,0.28208,0.40604,0.60029
0.17504,0.20429,0.11057,0.1699,0.22684,0.28194,0.40584,0.59999
0.17519,0.22907,0.11051,0.16982,0.22673,0.2818,0.40564,0.5997
0.17534,0.322,0.11046,0.16973,0.22662,0.28166,0.40544,0.5994
0.17549,0.22361,0.11041,0.16965,0.22651,0.28153,0.40524,0.59911
0.17564,0.17476,0.11035,0.16957,0.2264,0.28139,0.40505,0.59882
0.17579,0.12531,0.1103,0.16949,0.22629,0.28125,0.40485,0.59854
0.17594,0.082607,0.11025,0.16941,0.22618,0.28112,0.40466,0.59825
0.17609,0.088217,0.1102,0.16933,0.22608,0.28099,0.40447,0.59797
0.17624,0.064228,0.11014,0.16925,0.22597,0.28085,0.40428,0.59769
0.17639,0.082972,0.11009,0.16917,0.22586,0.28072,0.40409,0.59741
0.17654,0.12309,0.11004,0.16909,0.22576,0.28059,0.4039,0.59713
0.17669,0.20641,0.10999,0.16901,0.22565,0.28046,0.40371,0.59685
0.17684,0.18886,0.10994,0.16893,0.22555,0.28033,0.40353,0.59658
0.17699,0.19502,0.10989,0.16886,0.22545,0.2802,0.40334,0.5963
0.17714,0.1114,0.10984,0.16878,0.22534,0.28008,0.40316,0.59603
0.17729,0.099488,0.10979,0.1687,0.22524,0.27995,0.40298,0.59576
0.17744,0.16072,0.10974,0.16863,0.22514,0.27982,0.4028,0.59549
0.17759,0.17232,0.10969,0.16855,0.22504,0.2797,0.40262,0.59523
0.17774,0.21452,0.10964,0.16848,0.22494,0.27958,0.40244,0.59496
0.17789,0.1495,0.10959,0.1684,0.22484,0.27945,0.40226,0.5947
0.17804,0.11715,0.10955,0.16833,0.22474,0.27933,0.40208,0.59444
0.17819,0.079935,0.1095,0.16826,0.22465,0.27921,0.40191,0.59418
0.17834,0.12605,0.10945,0.16818,0.22455,0.27909,0.40173,0.59393
0.17849,0.069087,0.1094,0.16811,0.22445,0.27897,0.40156,0.59367
0.17864,0.10713,0.10936,0.16804,0.22436,0.27885,0.40139,0.59342
0.17879,0.028444,0.10931,0.16797,0.22426,0.27873,0.40122,0.59316
0.17894,0.065813,0.10926,0.1679,0.22417,0.27861,0.40105,0.59291
0.17909,0.098358,0.10922,0.16783,0.22407,0.2785,0.40088,0.59267
0.17924,0.1382,0.10917,0.16776,0.22398,0.27838,0.40072,0.59242
0.17939,0.13567,0.10913,0.16769,0.22389,0.27826,0.40055,0.59217
0.17954,0.13101,0.10908,0.16762,0.22379,0.27815,0.40039,0.59193
0.17969,0.055586,0.10904,0.16755,0.2237,0.27804,0.40022,0.59169
0.17984,0.060271,0.10899,0.16748,0.22361,0.27792,0.40006,0.59145
0.17999,0.020213,0.10895,0.16741,0.22352,0.27781,0.3999,0.59121
0.18014,0.029025,0.10891,0.16735,0.22343,0.2777,0.39974,0.59098
0.18029,0.045557,0.10886,0.16728,0.22334,0.27759,0.39958,0.59074
0.18044,0.13939,0.10882,0.16722,0.22326,0.27748,0.39942,0.59051
0.18059,0.16582,0.10878,0.16715,0.22317,0.27737,0.39927,0.59028
0.18074,0.29042,0.10874,0.16708,0.22308,0.27727,0.39911,0.59005
0.18089,0.19798,0.10869,0.16702,0.223,0.27716,0.39896,0.58982
0.18104,0.20044,0.10865,0.16696,0.22291,0.27705,0.3988,0.58959
0.18119,0.11059,0.10861,0.16689,0.22283,0.27695,0.39865,0.58937
0.18134,0.1024,0.10857,0.16683,0.22274,0.27684,0.3985,0.58915
0.18149,0.12857,0.10853,0.16677,0.22266,0.27674,0.39835,0.58893
0.18164,0.13249,0.10849,0.16671,0.22258,0.27663,0.3982,0.58871
0.18179,0.12443,0.10845,0.16664,0.22249,0.27653,0.39806,0.58849
0.18194,0.094945,0.10841,0.16658,0.22241,0.27643,0.39791,0.58827
0.18209,0.066979,0.10837,0.16652,0.22233,0.27633,0.39777,0.58806
0.18224,0.045785,0.10833,0.16646,0.22225,0.27623,0.39762,0.58785
0.18239,0.071009,0.10829,0.1664,0.22217,0.27613,0.39748,0.58763
0.18254,0.047119,0.10825,0.16634,0.22209,0.27603,0.39734,0.58743
0.18269,0.1098,0.10821,0.16628,0.22201,0.27594,0.3972,0.58722
0.18284,0.069036,0.10818,0.16623,0.22193,0.27584,0.39706,0.58701
0.18299,0.10825,0.10814,0.16617,0.22186,0.27574,0.39692,0.58681
0.18314,0.035014,0.1081,0.16611,0.22178,0.27565,0.39678,0.58661
0.18329,0.039303,0.10807,0.16605,0.22171,0.27555,0.39665,0.5864
0.18344,0.024758,0.10803,0.166,0.22163,0.27546,0.39651,0.58621
0.18359,0.066587,0.10799,0.16594,0.22156,0.27537,0.39638,0.58601
0.18374,0.095586,0.10796,0.16589,0.22148,0.27528,0.39625,0.58581
0.18389,0.10427,0.10792,0.16583,0.22141,0.27518,0.39612,0.58562
0.18404,0.055791,0.10788,0.16578,0.22134,0.27509,0.39599,0.58543
0.18419,0.048486,0.10785,0.16572,0.22126,0.275,0.39586,0.58523
0.18434,0.017203,0.10781,0.16567,0.22119,0.27491,0.39573,0.58505
0.18449,0.042456,0.10778,0.16562,0.22112,0.27483,0.3956,0.58486
0.18463,0.040998,0.10775,0.16556,0.22105,0.27474,0.39548,0.58467
0.18478,0.035876,0.10771,0.16551,0.22098,0.27465,0.39535,0.58449
0.18493,0.034105,0.10768,0.16546,0.22091,0.27457,0.39523,0.58431
0.18508,0.065924,0.10764,0.16541,0.22084,0.27448,0.39511,0.58412
0.18523,0.059691,0.10761,0.16536,0.22078,0.2744,0.39498,0.58394
0.18538,0.079399,0.10758,0.16531,0.22071,0.27431,0.39486,0.58377
0.18553,0.031423,0.10755,0.16526,0.22064,0.27423,0.39474,0.58359
0.18568,0.01243,0.10751,0.16521,0.22058,0.27415,0.39463,0.58342
0.18583,0.037231,0.10748,0.16516,0.22051,0.27407,0.39451,0.58324
0.18598,0.047687,0.10745,0.16511,0.22045,0.27399,0.39439,0.58307
0.18613,0.085179,0.10742,0.16506,0.22038,0.27391,0.39428,0.5829
0.18628,0.056312,0.10739,0.16501,0.22032,0.27383,0.39417,0.58274
0.18643,0.033531,0.10736,0.16497,0.22026,0.27375,0.39405,0.58257
0.18658,0.005338,0.10733,0.16492,0.22019,0.27367,0.39394,0.5824
0.18673,0.031661,0.1073,0.16487,0.22013,0.2736,0.39383,0.58224
0.18688,0.026425,0.10727,0.16483,0.22007,0.27352,0.39372,0.58208
0.18703,0.12143,0.10724,0.16478,0.22001,0.27345,0.39361,0.58192
0.18718,0.18059,0.10721,0.16474,0.21995,0.27337,0.39351,0.58176
0.18733,0.33835,0.10718,0.16469,0.21989,0.2733,0.3934,0.58161
0.18748,0.44633,0.10715,0.16465,0.21983,0.27323,0.3933,0.58145
0.18763,0.45664,0.10712,0.16461,0.21977,0.27315,0.39319,0.5813
0.18778,0.40904,0.1071,0.16456,0.21972,0.27308,0.39309,0.58115
0.18793,0.24439,0.10707,0.16452,0.21966,0.27301,0.39299,0.58099
0.18808,0.17249,0.10704,0.16448,0.2196,0.27294,0.39289,0.58085
0.18823,0.12182,0.10701,0.16444,0.21955,0.27287,0.39279,0.5807
0.18838,0.11149,0.10699,0.1644,0.21949,0.2728,0.39269,0.58055
0.18853,0.1042,0.10696,0.16436,0.21944,0.27274,0.39259,0.58041
0.18868,0.038268,0.10693,0.16432,0.21939,0.27267,0.3925,0.58027
0.18883,0.011945,0.10691,0.16428,0.21933,0.2726,0.3924,0.58013
0.18898,0.027501,0.10688,0.16424,0.21928,0.27254,0.39231,0.57999
0.18913,0.055939,0.10686,0.1642,0.21923,0.27247,0.39222,0.57985
0.18928,0.14249,0.10683,0.16416,0.21918,0.27241,0.39212,0.57972
0.18943,0.14819,0.10681,0.16412,0.21913,0.27235,0.39203,0.57958
0.18958,0.16881,0.10678,0.16408,0.21908,0.27229,0.39194,0.57945
0.18973,0.14797,0.10676,0.16405,0.21903,0.27222,0.39185,0.57932
0.18988,0.10498,0.10674,0.16401,0.21898,0.27216,0.39177,0.57919
0.19003,0.083454,0.10671,0.16397,0.21893,0.2721,0.39168,0.57906
0.19018,0.054703,0.10669,0.16394,0.21888,0.27204,0.39159,0.57893
0.19033,0.060444,0.10667,0.1639,0.21883,0.27198,0.39151,0.57881
0.19048,0.096247,0.10664,0.16387,0.21879,0.27193,0.39143,0.57869
0.19063,0.090904,0.10662,0.16383,0.21874,0.27187,0.39135,0.57857
0.19078,0.12202,0.1066,0.1638,0.2187,0.27181,0.39126,0.57845
0.19093,0.086175,0.10658,0.16377,0.21865,0.27176,0.39118,0.57833
0.19108,0.12341,0.10656,0.16373,0.21861,0.2717,0.39111,0.57821
0.19123,0.10707,0.10653,0.1637,0.21856,0.27165,0.39103,0.5781
0.19138,0.11798,0.10651,0.16367,0.21852,0.2716,0.39095,0.57798
0.19153,0.066097,0.10649,0.16364,0.21848,0.27154,0.39087,0.57787
0.19168,0.034362,0.10647,0.16361,0.21844,0.27149,0.3908,0.57776
0.19183,0.0020494,0.10645,0.16357,0.2184,0.27144,0.39073,0.57765
0.19198,0.026295,0.10643,0.16354,0.21836,0.27139,0.39065,0.57754
0.19213,0.030603,0.10641,0.16351,0.21832,0.27134,0.39058,0.57744
0.19228,0.043073,0.10639,0.16348,0.21828,0.27129,0.39051,0.57733
0.19243,0.022621,0.10637,0.16346,0.21824,0.27124,0.39044,0.57723
0.19258,0.02925,0.10636,0.16343,0.2182,0.2712,0.39037,0.57713
0.19273,0.021073,0.10634,0.1634,0.21816,0.27115,0.39031,0.57703
0.19288,0.074384,0.10632,0.16337,0.21812,0.2711,0.39024,0.57693
0.19303,0.031798,0.1063,0.16334,0.21809,0.27106,0.39018,0.57684
0.19318,0.099972,0.10628,0.16332,0.21805,0.27101,0.39011,0.57674
0.19333,0.063775,0.10627,0.16329,0.21802,0.27097,0.39005,0.57665
0.19348,0.14355,0.10625,0.16326,0.21798,0.27093,0.38999,0.57656
0.19363,0.1438,0.10623,0.16324,0.21795,0.27088,0.38993,0.57647
0.19378,0.17999,0.10622,0.16321,0.21791,0.27084,0.38987,0.57638
0.19393,0.14398,0.1062,0.16319,0.21788,0.2708,0.38981,0.57629
0.19408,0.16536,0.10619,0.16317,0.21785,0.27076,0.38975,0.57621
0.19423,0.1,0.10617,0.16314,0.21782,0.27072,0.38969,0.57612
0.19438,0.098069,0.10615,0.16312,0.21779,0.27068,0.38964,0.57604
0.19453,0.065747,0.10614,0.1631,0.21776,0.27065,0.38958,0.57596
0.19468,0.059242,0.10613,0.16307,0.21773,0.27061,0.38953,0.57588
0.19483,0.17016,0.10611,0.16305,0.2177,0.27057,0.38948,0.5758
0.19498,0.20982,0.1061,0.16303,0.21767,0.27054,0.38942,0.57573
0.19513,0.31409,0.10608,0.16301,0.21764,0.2705,0.38937,0.57565
0.19528,0.27817,0.10607,0.16299,0.21761,0.27047,0.38932,0.57558
0.19543,0.29404,0.10606,0.16297,0.21759,0.27043,0.38928,0.57551
0.19558,0.23091,0.10604,0.16295,0.21756,0.2704,0.38923,0.57544
0.19572,0.28196,0.10603,0.16293,0.21753,0.27037,0.38918,0.57537
0.19587,0.17223,0.10602,0.16291,0.21751,0.27034,0.38914,0.5753
0.19602,0.14393,0.10601,0.16289,0.21748,0.27031,0.38909,0.57524
0.19617,0.042344,0.106,0.16287,0.21746,0.27028,0.38905,0.57517
0.19632,0.073422,0.10598,0.16286,0.21744,0.27025,0.38901,0.57511
0.19647,0.19162,0.10597,0.16284,0.21741,0.27022,0.38897,0.57505
0.19662,0.30612,0.10596,0.16282,0.21739,0.27019,0.38893,0.57499
0.19677,0.34083,0.10595,0.16281,0.21737,0.27016,0.38889,0.57493
0.19692,0.2931,0.10594,0.16279,0.21735,0.27014,0.38885,0.57488
0.19707,0.20874,0.10593,0.16277,0.21733,0.27011,0.38881,0.57482
0.19722,0.1604,0.10592,0.16276,0.21731,0.27009,0.38878,0.57477
0.19737,0.18262,0.10591,0.16274,0.21729,0.27006,0.38874,0.57472
0.19752,0.11872,0.1059,0.16273,0.21727,0.27004,0.38871,0.57467
0.19767,0.097934,0.10589,0.16272,0.21725,0.27002,0.38868,0.57462
0.19782,0.01742,0.10588,0.1627,0.21723,0.26999,0.38865,0.57457
0.19797,0.047174,0.10588,0.16269,0.21722,0.26997,0.38861,0.57453
0.19812,0.094349,0.10587,0.16268,0.2172,0.26995,0.38859,0.57449
0.19827,0.16359,0.10586,0.16267,0.21718,0.26993,0.38856,0.57444
0.19842,0.13611,0.10585,0.16265,0.21717,0.26991,0.38853,0.5744
0.19857,0.11306,0.10585,0.16264,0.21715,0.2699,0.3885,0.57436
0.19872,0.048866,0.10584,0.16263,0.21714,0.26988,0.38848,0.57433
0.19887,0.040259,0.10583,0.16262,0.21713,0.26986,0.38845,0.57429
0.19902,0.035467,0.10583,0.16261,0.21711,0.26984,0.38843,0.57426
0.19917,0.014273,0.10582,0.1626,0.2171,0.26983,0.38841,0.57422
0.19932,0.024483,0.10581,0.1626,0.21709,0.26981,0.38839,0.57419
0.19947,0.035852,0.10581,0.16259,0.21708,0.2698,0.38837,0.57416
0.19962,0.12374,0.1058,0.16258,0.21707,0.26979,0.38835,0.57413
0.19977,0.16505,0.1058,0.16257,0.21706,0.26977,0.38833,0.57411
0.19992,0.23947,0.10579,0.16256,0.21705,0.26976,0.38831,0.57408
0.20007,0.22411,0.10579,0.16256,0.21704,0.26975,0.3883,0.57406
0.20022,0.23056,0.10579,0.16255,0.21703,0.26974,0.38828,0.57404
0.20037,0.1894,0.10578,0.16254,0.21702,0.26973,0.38827,0.57401
0.20052,0.1484,0.10578,0.16254,0.21701,0.26972,0.38825,0.574
0.20067,0.069319,0.10577,0.16253,0.21701,0.26971,0.38824,0.57398
0.20082,0.065,0.10577,0.16253,0.217,0.26971,0.38823,0.57396
0.20097,0.022462,0.10577,0.16253,0.217,0.2697,0.38822,0.57395
0.20112,0.10013,0.10577,0.16252,0.21699,0.26969,0.38821,0.57393
0.20127,0.07541,0.10576,0.16252,0.21699,0.26969,0.3882,0.57392
0.20142,0.10002,0.10576,0.16252,0.21698,0.26968,0.3882,0.57391
0.20157,0.057832,0.10576,0.16251,0.21698,0.26968,0.38819,0.5739
0.20172,0.084034,0.10576,0.16251,0.21698,0.26968,0.38819,0.5739
0.20187,0.062379,0.10576,0.16251,0.21697,0.26967,0.38818,0.57389
0.20202,0.087317,0.10576,0.16251,0.21697,0.26967,0.38818,0.57389
0.20217,0.026543,0.10576,0.16251,0.21697,0.26967,0.38818,0.57389
0.20232,0.019604,0.10576,0.16251,0.21697,0.26967,0.38818,0.57389